"app_name","enclosing_method","start_line","end_line","file_path","github_link"
"hadoop_ee7d178","org.apache.hadoop.fs.FileUtil.replaceFile",1574,1580,"hadoop-common-project/hadoop-common/src/main/java/org/apache/hadoop/fs/FileUtil.java","https://github.com/apache/hadoop/tree//ee7d178//hadoop-common-project/hadoop-common/src/main/java/org/apache/hadoop/fs/FileUtil.java#L1574"
"hadoop_ee7d178","org.apache.hadoop.fs.aliyun.oss.AliyunOSSFileSystemStore.deleteObjects",207,224,"hadoop-tools/hadoop-aliyun/src/main/java/org/apache/hadoop/fs/aliyun/oss/AliyunOSSFileSystemStore.java","https://github.com/apache/hadoop/tree//ee7d178//hadoop-tools/hadoop-aliyun/src/main/java/org/apache/hadoop/fs/aliyun/oss/AliyunOSSFileSystemStore.java#L207"
"hadoop_ee7d178","org.apache.hadoop.fs.aliyun.oss.AliyunOSSFileReaderTask.run",72,97,"hadoop-tools/hadoop-aliyun/src/main/java/org/apache/hadoop/fs/aliyun/oss/AliyunOSSFileReaderTask.java","https://github.com/apache/hadoop/tree//ee7d178//hadoop-tools/hadoop-aliyun/src/main/java/org/apache/hadoop/fs/aliyun/oss/AliyunOSSFileReaderTask.java#L72"
"hadoop_ee7d178","org.apache.hadoop.fs.azure.SelfRenewingLease.SelfRenewingLease",79,107,"hadoop-tools/hadoop-azure/src/main/java/org/apache/hadoop/fs/azure/SelfRenewingLease.java","https://github.com/apache/hadoop/tree//ee7d178//hadoop-tools/hadoop-azure/src/main/java/org/apache/hadoop/fs/azure/SelfRenewingLease.java#L79"
"hadoop_ee7d178","org.apache.hadoop.fs.azure.WasbRemoteCallHelper.retryableRequest",129,231,"hadoop-tools/hadoop-azure/src/main/java/org/apache/hadoop/fs/azure/WasbRemoteCallHelper.java","https://github.com/apache/hadoop/tree//ee7d178//hadoop-tools/hadoop-azure/src/main/java/org/apache/hadoop/fs/azure/WasbRemoteCallHelper.java#L129"
"hadoop_ee7d178","org.apache.hadoop.fs.azurebfs.oauth2.CustomTokenProviderAdapter.refreshToken",72,86,"hadoop-tools/hadoop-azure/src/main/java/org/apache/hadoop/fs/azurebfs/oauth2/CustomTokenProviderAdapter.java","https://github.com/apache/hadoop/tree//ee7d178//hadoop-tools/hadoop-azure/src/main/java/org/apache/hadoop/fs/azurebfs/oauth2/CustomTokenProviderAdapter.java#L72"
"hadoop_ee7d178","org.apache.hadoop.fs.cosn.CosNFileReadTask.run",85,117,"hadoop-cloud-storage-project/hadoop-cos/src/main/java/org/apache/hadoop/fs/cosn/CosNFileReadTask.java","https://github.com/apache/hadoop/tree//ee7d178//hadoop-cloud-storage-project/hadoop-cos/src/main/java/org/apache/hadoop/fs/cosn/CosNFileReadTask.java#L85"
"hadoop_ee7d178","org.apache.hadoop.fs.impl.prefetch.BufferPool.acquire",131,140,"hadoop-common-project/hadoop-common/src/main/java/org/apache/hadoop/fs/impl/prefetch/BufferPool.java","https://github.com/apache/hadoop/tree//ee7d178//hadoop-common-project/hadoop-common/src/main/java/org/apache/hadoop/fs/impl/prefetch/BufferPool.java#L131"
"hadoop_ee7d178","org.apache.hadoop.fs.impl.prefetch.CachingBlockManager.get",149,161,"hadoop-common-project/hadoop-common/src/main/java/org/apache/hadoop/fs/impl/prefetch/CachingBlockManager.java","https://github.com/apache/hadoop/tree//ee7d178//hadoop-common-project/hadoop-common/src/main/java/org/apache/hadoop/fs/impl/prefetch/CachingBlockManager.java#L149"
"hadoop_ee7d178","org.apache.hadoop.fs.obs.OBSFileSystem.getFileStatus",1214,1230,"hadoop-cloud-storage-project/hadoop-huaweicloud/src/main/java/org/apache/hadoop/fs/obs/OBSFileSystem.java","https://github.com/apache/hadoop/tree//ee7d178//hadoop-cloud-storage-project/hadoop-huaweicloud/src/main/java/org/apache/hadoop/fs/obs/OBSFileSystem.java#L1214"
"hadoop_ee7d178","org.apache.hadoop.fs.obs.OBSCommonUtils.verifyBucketExists",1442,1467,"hadoop-cloud-storage-project/hadoop-huaweicloud/src/main/java/org/apache/hadoop/fs/obs/OBSCommonUtils.java","https://github.com/apache/hadoop/tree//ee7d178//hadoop-cloud-storage-project/hadoop-huaweicloud/src/main/java/org/apache/hadoop/fs/obs/OBSCommonUtils.java#L1442"
"hadoop_ee7d178","org.apache.hadoop.fs.obs.OBSCommonUtils.isFolderEmpty",891,905,"hadoop-cloud-storage-project/hadoop-huaweicloud/src/main/java/org/apache/hadoop/fs/obs/OBSCommonUtils.java","https://github.com/apache/hadoop/tree//ee7d178//hadoop-cloud-storage-project/hadoop-huaweicloud/src/main/java/org/apache/hadoop/fs/obs/OBSCommonUtils.java#L891"
"hadoop_ee7d178","org.apache.hadoop.fs.obs.OBSCommonUtils.commonContinueListObjects",836,853,"hadoop-cloud-storage-project/hadoop-huaweicloud/src/main/java/org/apache/hadoop/fs/obs/OBSCommonUtils.java","https://github.com/apache/hadoop/tree//ee7d178//hadoop-cloud-storage-project/hadoop-huaweicloud/src/main/java/org/apache/hadoop/fs/obs/OBSCommonUtils.java#L836"
"hadoop_ee7d178","org.apache.hadoop.fs.obs.OBSCommonUtils.commonListObjects",772,789,"hadoop-cloud-storage-project/hadoop-huaweicloud/src/main/java/org/apache/hadoop/fs/obs/OBSCommonUtils.java","https://github.com/apache/hadoop/tree//ee7d178//hadoop-cloud-storage-project/hadoop-huaweicloud/src/main/java/org/apache/hadoop/fs/obs/OBSCommonUtils.java#L772"
"hadoop_ee7d178","org.apache.hadoop.fs.obs.OBSCommonUtils.deleteObject",362,382,"hadoop-cloud-storage-project/hadoop-huaweicloud/src/main/java/org/apache/hadoop/fs/obs/OBSCommonUtils.java","https://github.com/apache/hadoop/tree//ee7d178//hadoop-cloud-storage-project/hadoop-huaweicloud/src/main/java/org/apache/hadoop/fs/obs/OBSCommonUtils.java#L362"
"hadoop_ee7d178","org.apache.hadoop.fs.obs.OBSInputStream.read",457,484,"hadoop-cloud-storage-project/hadoop-huaweicloud/src/main/java/org/apache/hadoop/fs/obs/OBSInputStream.java","https://github.com/apache/hadoop/tree//ee7d178//hadoop-cloud-storage-project/hadoop-huaweicloud/src/main/java/org/apache/hadoop/fs/obs/OBSInputStream.java#L457"
"hadoop_ee7d178","org.apache.hadoop.fs.obs.OBSInputStream.read",577,608,"hadoop-cloud-storage-project/hadoop-huaweicloud/src/main/java/org/apache/hadoop/fs/obs/OBSInputStream.java","https://github.com/apache/hadoop/tree//ee7d178//hadoop-cloud-storage-project/hadoop-huaweicloud/src/main/java/org/apache/hadoop/fs/obs/OBSInputStream.java#L577"
"hadoop_ee7d178","org.apache.hadoop.fs.obs.OBSInputStream.read",687,718,"hadoop-cloud-storage-project/hadoop-huaweicloud/src/main/java/org/apache/hadoop/fs/obs/OBSInputStream.java","https://github.com/apache/hadoop/tree//ee7d178//hadoop-cloud-storage-project/hadoop-huaweicloud/src/main/java/org/apache/hadoop/fs/obs/OBSInputStream.java#L687"
"hadoop_ee7d178","org.apache.hadoop.fs.obs.OBSPosixBucketUtils.fsCreateFolder",618,632,"hadoop-cloud-storage-project/hadoop-huaweicloud/src/main/java/org/apache/hadoop/fs/obs/OBSPosixBucketUtils.java","https://github.com/apache/hadoop/tree//ee7d178//hadoop-cloud-storage-project/hadoop-huaweicloud/src/main/java/org/apache/hadoop/fs/obs/OBSPosixBucketUtils.java#L618"
"hadoop_ee7d178","org.apache.hadoop.fs.s3a.Invoker.retryUntranslated",462,515,"hadoop-tools/hadoop-aws/src/main/java/org/apache/hadoop/fs/s3a/Invoker.java","https://github.com/apache/hadoop/tree//ee7d178//hadoop-tools/hadoop-aws/src/main/java/org/apache/hadoop/fs/s3a/Invoker.java#L462"
"hadoop_ee7d178","org.apache.hadoop.ha.ActiveStandbyElector.ensureParentZNode",364,383,"hadoop-common-project/hadoop-common/src/main/java/org/apache/hadoop/ha/ActiveStandbyElector.java","https://github.com/apache/hadoop/tree//ee7d178//hadoop-common-project/hadoop-common/src/main/java/org/apache/hadoop/ha/ActiveStandbyElector.java#L364"
"hadoop_ee7d178","org.apache.hadoop.hdfs.DFSInputStream.actualGetFromOneDataNode",1156,1231,"hadoop-hdfs-project/hadoop-hdfs-client/src/main/java/org/apache/hadoop/hdfs/DFSInputStream.java","https://github.com/apache/hadoop/tree//ee7d178//hadoop-hdfs-project/hadoop-hdfs-client/src/main/java/org/apache/hadoop/hdfs/DFSInputStream.java#L1156"
"hadoop_ee7d178","org.apache.hadoop.hdfs.DFSInputStream.readWithStrategy",840,890,"hadoop-hdfs-project/hadoop-hdfs-client/src/main/java/org/apache/hadoop/hdfs/DFSInputStream.java","https://github.com/apache/hadoop/tree//ee7d178//hadoop-hdfs-project/hadoop-hdfs-client/src/main/java/org/apache/hadoop/hdfs/DFSInputStream.java#L840"
"hadoop_ee7d178","org.apache.hadoop.hdfs.DFSInputStream.openInfo",235,262,"hadoop-hdfs-project/hadoop-hdfs-client/src/main/java/org/apache/hadoop/hdfs/DFSInputStream.java","https://github.com/apache/hadoop/tree//ee7d178//hadoop-hdfs-project/hadoop-hdfs-client/src/main/java/org/apache/hadoop/hdfs/DFSInputStream.java#L235"
"hadoop_ee7d178","org.apache.hadoop.hdfs.DFSOutputStream.addBlock",1141,1180,"hadoop-hdfs-project/hadoop-hdfs-client/src/main/java/org/apache/hadoop/hdfs/DFSOutputStream.java","https://github.com/apache/hadoop/tree//ee7d178//hadoop-hdfs-project/hadoop-hdfs-client/src/main/java/org/apache/hadoop/hdfs/DFSOutputStream.java#L1141"
"hadoop_ee7d178","org.apache.hadoop.hdfs.DFSOutputStream.completeFile",990,1022,"hadoop-hdfs-project/hadoop-hdfs-client/src/main/java/org/apache/hadoop/hdfs/DFSOutputStream.java","https://github.com/apache/hadoop/tree//ee7d178//hadoop-hdfs-project/hadoop-hdfs-client/src/main/java/org/apache/hadoop/hdfs/DFSOutputStream.java#L990"
"hadoop_ee7d178","org.apache.hadoop.hdfs.DFSOutputStream.newStreamForCreate",291,325,"hadoop-hdfs-project/hadoop-hdfs-client/src/main/java/org/apache/hadoop/hdfs/DFSOutputStream.java","https://github.com/apache/hadoop/tree//ee7d178//hadoop-hdfs-project/hadoop-hdfs-client/src/main/java/org/apache/hadoop/hdfs/DFSOutputStream.java#L291"
"hadoop_ee7d178","org.apache.hadoop.hdfs.DataStreamer.createBlockOutputStream",1826,1946,"hadoop-hdfs-project/hadoop-hdfs-client/src/main/java/org/apache/hadoop/hdfs/DataStreamer.java","https://github.com/apache/hadoop/tree//ee7d178//hadoop-hdfs-project/hadoop-hdfs-client/src/main/java/org/apache/hadoop/hdfs/DataStreamer.java#L1826"
"hadoop_ee7d178","org.apache.hadoop.hdfs.DFSStripedInputStream.createBlockReader",241,287,"hadoop-hdfs-project/hadoop-hdfs-client/src/main/java/org/apache/hadoop/hdfs/DFSStripedInputStream.java","https://github.com/apache/hadoop/tree//ee7d178//hadoop-hdfs-project/hadoop-hdfs-client/src/main/java/org/apache/hadoop/hdfs/DFSStripedInputStream.java#L241"
"hadoop_ee7d178","org.apache.hadoop.hdfs.server.balancer.Balancer.run",885,911,"hadoop-hdfs-project/hadoop-hdfs/src/main/java/org/apache/hadoop/hdfs/server/balancer/Balancer.java","https://github.com/apache/hadoop/tree//ee7d178//hadoop-hdfs-project/hadoop-hdfs/src/main/java/org/apache/hadoop/hdfs/server/balancer/Balancer.java#L885"
"hadoop_ee7d178","org.apache.hadoop.hdfs.server.blockmanagement.BlockManager$MarkedDeleteBlockScrubber.run",5103,5137,"hadoop-hdfs-project/hadoop-hdfs/src/main/java/org/apache/hadoop/hdfs/server/blockmanagement/BlockManager.java","https://github.com/apache/hadoop/tree//ee7d178//hadoop-hdfs-project/hadoop-hdfs/src/main/java/org/apache/hadoop/hdfs/server/blockmanagement/BlockManager.java#L5103"
"hadoop_ee7d178","org.apache.hadoop.hdfs.server.datanode.BPServiceActor.run",880,900,"hadoop-hdfs-project/hadoop-hdfs/src/main/java/org/apache/hadoop/hdfs/server/datanode/BPServiceActor.java","https://github.com/apache/hadoop/tree//ee7d178//hadoop-hdfs-project/hadoop-hdfs/src/main/java/org/apache/hadoop/hdfs/server/datanode/BPServiceActor.java#L880"
"hadoop_ee7d178","org.apache.hadoop.hdfs.server.datanode.DataXceiverServer.run",226,268,"hadoop-hdfs-project/hadoop-hdfs/src/main/java/org/apache/hadoop/hdfs/server/datanode/DataXceiverServer.java","https://github.com/apache/hadoop/tree//ee7d178//hadoop-hdfs-project/hadoop-hdfs/src/main/java/org/apache/hadoop/hdfs/server/datanode/DataXceiverServer.java#L226"
"hadoop_ee7d178","org.apache.hadoop.hdfs.server.datanode.fsdataset.impl.ProvidedVolumeImpl$ProvidedBlockPoolSlice.fetchVolumeMap",163,171,"hadoop-hdfs-project/hadoop-hdfs/src/main/java/org/apache/hadoop/hdfs/server/datanode/fsdataset/impl/ProvidedVolumeImpl.java","https://github.com/apache/hadoop/tree//ee7d178//hadoop-hdfs-project/hadoop-hdfs/src/main/java/org/apache/hadoop/hdfs/server/datanode/fsdataset/impl/ProvidedVolumeImpl.java#L163"
"hadoop_ee7d178","org.apache.hadoop.hdfs.server.mover.Mover.run",680,708,"hadoop-hdfs-project/hadoop-hdfs/src/main/java/org/apache/hadoop/hdfs/server/mover/Mover.java","https://github.com/apache/hadoop/tree//ee7d178//hadoop-hdfs-project/hadoop-hdfs/src/main/java/org/apache/hadoop/hdfs/server/mover/Mover.java#L680"
"hadoop_ee7d178","org.apache.hadoop.hdfs.server.mover.Mover.run",683,706,"hadoop-hdfs-project/hadoop-hdfs/src/main/java/org/apache/hadoop/hdfs/server/mover/Mover.java","https://github.com/apache/hadoop/tree//ee7d178//hadoop-hdfs-project/hadoop-hdfs/src/main/java/org/apache/hadoop/hdfs/server/mover/Mover.java#L683"
"hadoop_ee7d178","org.apache.hadoop.hdfs.server.namenode.FSDirEncryptionZoneOp$EDEKCacheLoader.run",585,611,"hadoop-hdfs-project/hadoop-hdfs/src/main/java/org/apache/hadoop/hdfs/server/namenode/FSDirEncryptionZoneOp.java","https://github.com/apache/hadoop/tree//ee7d178//hadoop-hdfs-project/hadoop-hdfs/src/main/java/org/apache/hadoop/hdfs/server/namenode/FSDirEncryptionZoneOp.java#L585"
"hadoop_ee7d178","org.apache.hadoop.hdfs.server.namenode.FSNamesystem$LazyPersistFileScrubber.run",4632,4659,"hadoop-hdfs-project/hadoop-hdfs/src/main/java/org/apache/hadoop/hdfs/server/namenode/FSNamesystem.java","https://github.com/apache/hadoop/tree//ee7d178//hadoop-hdfs-project/hadoop-hdfs/src/main/java/org/apache/hadoop/hdfs/server/namenode/FSNamesystem.java#L4632"
"hadoop_ee7d178","org.apache.hadoop.hdfs.server.namenode.ReencryptionHandler.run",328,372,"hadoop-hdfs-project/hadoop-hdfs/src/main/java/org/apache/hadoop/hdfs/server/namenode/ReencryptionHandler.java","https://github.com/apache/hadoop/tree//ee7d178//hadoop-hdfs-project/hadoop-hdfs/src/main/java/org/apache/hadoop/hdfs/server/namenode/ReencryptionHandler.java#L328"
"hadoop_ee7d178","org.apache.hadoop.hdfs.server.namenode.SecondaryNameNode.doWork",341,379,"hadoop-hdfs-project/hadoop-hdfs/src/main/java/org/apache/hadoop/hdfs/server/namenode/SecondaryNameNode.java","https://github.com/apache/hadoop/tree//ee7d178//hadoop-hdfs-project/hadoop-hdfs/src/main/java/org/apache/hadoop/hdfs/server/namenode/SecondaryNameNode.java#L341"
"hadoop_ee7d178","org.apache.hadoop.hdfs.shortcircuit.ShortCircuitCache.fetchOrCreate",709,724,"hadoop-hdfs-project/hadoop-hdfs-client/src/main/java/org/apache/hadoop/hdfs/shortcircuit/ShortCircuitCache.java","https://github.com/apache/hadoop/tree//ee7d178//hadoop-hdfs-project/hadoop-hdfs-client/src/main/java/org/apache/hadoop/hdfs/shortcircuit/ShortCircuitCache.java#L709"
"hadoop_ee7d178","org.apache.hadoop.hdfs.server.namenode.ha.ObserverReadProxyProvider$ObserverReadInvocationHandler.invoke",431,491,"hadoop-hdfs-project/hadoop-hdfs-client/src/main/java/org/apache/hadoop/hdfs/server/namenode/ha/ObserverReadProxyProvider.java","https://github.com/apache/hadoop/tree//ee7d178//hadoop-hdfs-project/hadoop-hdfs-client/src/main/java/org/apache/hadoop/hdfs/server/namenode/ha/ObserverReadProxyProvider.java#L431"
"hadoop_ee7d178","org.apache.hadoop.io.retry.RetryInvocationHandler.invoke",365,373,"hadoop-common-project/hadoop-common/src/main/java/org/apache/hadoop/io/retry/RetryInvocationHandler.java","https://github.com/apache/hadoop/tree//ee7d178//hadoop-common-project/hadoop-common/src/main/java/org/apache/hadoop/io/retry/RetryInvocationHandler.java#L365"
"hadoop_ee7d178","org.apache.hadoop.hdfs.server.namenode.sps.BlockStorageMovementAttemptedItems.blockStorageMovementReportedItemsCheck",278,287,"hadoop-hdfs-project/hadoop-hdfs/src/main/java/org/apache/hadoop/hdfs/server/namenode/sps/BlockStorageMovementAttemptedItems.java","https://github.com/apache/hadoop/tree//ee7d178//hadoop-hdfs-project/hadoop-hdfs/src/main/java/org/apache/hadoop/hdfs/server/namenode/sps/BlockStorageMovementAttemptedItems.java#L278"
"hadoop_ee7d178","org.apache.hadoop.hdfs.server.namenode.sps.BlockStorageMovementNeeded$SPSPathIdProcessor.run",238,286,"hadoop-hdfs-project/hadoop-hdfs/src/main/java/org/apache/hadoop/hdfs/server/namenode/sps/BlockStorageMovementNeeded.java","https://github.com/apache/hadoop/tree//ee7d178//hadoop-hdfs-project/hadoop-hdfs/src/main/java/org/apache/hadoop/hdfs/server/namenode/sps/BlockStorageMovementNeeded.java#L238"
"hadoop_ee7d178","org.apache.hadoop.hdfs.server.namenode.sps.StoragePolicySatisfier.run",217,344,"hadoop-hdfs-project/hadoop-hdfs/src/main/java/org/apache/hadoop/hdfs/server/namenode/sps/StoragePolicySatisfier.java","https://github.com/apache/hadoop/tree//ee7d178//hadoop-hdfs-project/hadoop-hdfs/src/main/java/org/apache/hadoop/hdfs/server/namenode/sps/StoragePolicySatisfier.java#L217"
"hadoop_ee7d178","org.apache.hadoop.hdfs.shortcircuit.ShortCircuitCache$SlotReleaser.run",197,235,"hadoop-hdfs-project/hadoop-hdfs-client/src/main/java/org/apache/hadoop/hdfs/shortcircuit/ShortCircuitCache.java","https://github.com/apache/hadoop/tree//ee7d178//hadoop-hdfs-project/hadoop-hdfs-client/src/main/java/org/apache/hadoop/hdfs/shortcircuit/ShortCircuitCache.java#L197"
"hadoop_ee7d178","org.apache.hadoop.hdfs.tools.DebugAdmin$RecoverLeaseCommand.run",379,410,"hadoop-hdfs-project/hadoop-hdfs/src/main/java/org/apache/hadoop/hdfs/tools/DebugAdmin.java","https://github.com/apache/hadoop/tree//ee7d178//hadoop-hdfs-project/hadoop-hdfs/src/main/java/org/apache/hadoop/hdfs/tools/DebugAdmin.java#L379"
"hadoop_ee7d178","org.apache.hadoop.ipc.RPC.waitForProtocolProxy",419,452,"hadoop-common-project/hadoop-common/src/main/java/org/apache/hadoop/ipc/RPC.java","https://github.com/apache/hadoop/tree//ee7d178//hadoop-common-project/hadoop-common/src/main/java/org/apache/hadoop/ipc/RPC.java#L419"
"hadoop_ee7d178","org.apache.hadoop.mapred.JobClient.getJob",633,643,"hadoop-mapreduce-project/hadoop-mapreduce-client/hadoop-mapreduce-client-core/src/main/java/org/apache/hadoop/mapred/JobClient.java","https://github.com/apache/hadoop/tree//ee7d178//hadoop-mapreduce-project/hadoop-mapreduce-client/hadoop-mapreduce-client-core/src/main/java/org/apache/hadoop/mapred/JobClient.java#L633"
"hadoop_ee7d178","org.apache.hadoop.mapred.JobEndNotifier.localRunnerNotification",87,110,"hadoop-mapreduce-project/hadoop-mapreduce-client/hadoop-mapreduce-client-core/src/main/java/org/apache/hadoop/mapred/JobEndNotifier.java","https://github.com/apache/hadoop/tree//ee7d178//hadoop-mapreduce-project/hadoop-mapreduce-client/hadoop-mapreduce-client-core/src/main/java/org/apache/hadoop/mapred/JobEndNotifier.java#L87"
"hadoop_ee7d178","org.apache.hadoop.mapred.Task.statusUpdate",1315,1337,"hadoop-mapreduce-project/hadoop-mapreduce-client/hadoop-mapreduce-client-core/src/main/java/org/apache/hadoop/mapred/Task.java","https://github.com/apache/hadoop/tree//ee7d178//hadoop-mapreduce-project/hadoop-mapreduce-client/hadoop-mapreduce-client-core/src/main/java/org/apache/hadoop/mapred/Task.java#L1315"
"hadoop_ee7d178","org.apache.hadoop.mapred.Task.done",1251,1264,"hadoop-mapreduce-project/hadoop-mapreduce-client/hadoop-mapreduce-client-core/src/main/java/org/apache/hadoop/mapred/Task.java","https://github.com/apache/hadoop/tree//ee7d178//hadoop-mapreduce-project/hadoop-mapreduce-client/hadoop-mapreduce-client-core/src/main/java/org/apache/hadoop/mapred/Task.java#L1251"
"hadoop_ee7d178","org.apache.hadoop.mapred.Task$TaskReporter.run",860,943,"hadoop-mapreduce-project/hadoop-mapreduce-client/hadoop-mapreduce-client-core/src/main/java/org/apache/hadoop/mapred/Task.java","https://github.com/apache/hadoop/tree//ee7d178//hadoop-mapreduce-project/hadoop-mapreduce-client/hadoop-mapreduce-client-core/src/main/java/org/apache/hadoop/mapred/Task.java#L860"
"hadoop_ee7d178","org.apache.hadoop.mapreduce.lib.output.FileOutputCommitter.commitJob",375,387,"hadoop-mapreduce-project/hadoop-mapreduce-client/hadoop-mapreduce-client-core/src/main/java/org/apache/hadoop/mapreduce/lib/output/FileOutputCommitter.java","https://github.com/apache/hadoop/tree//ee7d178//hadoop-mapreduce-project/hadoop-mapreduce-client/hadoop-mapreduce-client-core/src/main/java/org/apache/hadoop/mapreduce/lib/output/FileOutputCommitter.java#L375"
"hadoop_ee7d178","org.apache.hadoop.mapred.YarnChild.main",135,141,"hadoop-mapreduce-project/hadoop-mapreduce-client/hadoop-mapreduce-client-app/src/main/java/org/apache/hadoop/mapred/YarnChild.java","https://github.com/apache/hadoop/tree//ee7d178//hadoop-mapreduce-project/hadoop-mapreduce-client/hadoop-mapreduce-client-app/src/main/java/org/apache/hadoop/mapred/YarnChild.java#L135"
"hadoop_ee7d178","org.apache.hadoop.mapreduce.task.reduce.EventFetcher.run",64,89,"hadoop-mapreduce-project/hadoop-mapreduce-client/hadoop-mapreduce-client-core/src/main/java/org/apache/hadoop/mapreduce/task/reduce/EventFetcher.java","https://github.com/apache/hadoop/tree//ee7d178//hadoop-mapreduce-project/hadoop-mapreduce-client/hadoop-mapreduce-client-core/src/main/java/org/apache/hadoop/mapreduce/task/reduce/EventFetcher.java#L64"
"hadoop_ee7d178","org.apache.hadoop.mapreduce.task.reduce.Fetcher.copyFromHost",343,358,"hadoop-mapreduce-project/hadoop-mapreduce-client/hadoop-mapreduce-client-core/src/main/java/org/apache/hadoop/mapreduce/task/reduce/Fetcher.java","https://github.com/apache/hadoop/tree//ee7d178//hadoop-mapreduce-project/hadoop-mapreduce-client/hadoop-mapreduce-client-core/src/main/java/org/apache/hadoop/mapreduce/task/reduce/Fetcher.java#L343"
"hadoop_ee7d178","org.apache.hadoop.mapreduce.tools.CLI.getJob",662,671,"hadoop-mapreduce-project/hadoop-mapreduce-client/hadoop-mapreduce-client-core/src/main/java/org/apache/hadoop/mapreduce/tools/CLI.java","https://github.com/apache/hadoop/tree//ee7d178//hadoop-mapreduce-project/hadoop-mapreduce-client/hadoop-mapreduce-client-core/src/main/java/org/apache/hadoop/mapreduce/tools/CLI.java#L662"
"hadoop_ee7d178","org.apache.hadoop.mapreduce.v2.hs.JobHistory.serviceStop",155,161,"hadoop-mapreduce-project/hadoop-mapreduce-client/hadoop-mapreduce-client-hs/src/main/java/org/apache/hadoop/mapreduce/v2/hs/JobHistory.java","https://github.com/apache/hadoop/tree//ee7d178//hadoop-mapreduce-project/hadoop-mapreduce-client/hadoop-mapreduce-client-hs/src/main/java/org/apache/hadoop/mapreduce/v2/hs/JobHistory.java#L155"
"hadoop_ee7d178","org.apache.hadoop.metrics2.impl.MetricsSinkAdapter.publishMetricsFromQueue",133,165,"hadoop-common-project/hadoop-common/src/main/java/org/apache/hadoop/metrics2/impl/MetricsSinkAdapter.java","https://github.com/apache/hadoop/tree//ee7d178//hadoop-common-project/hadoop-common/src/main/java/org/apache/hadoop/metrics2/impl/MetricsSinkAdapter.java#L133"
"hadoop_ee7d178","org.apache.hadoop.security.UserGroupInformation$AutoRenewalForUserCredsRunnable.run",967,1040,"hadoop-common-project/hadoop-common/src/main/java/org/apache/hadoop/security/UserGroupInformation.java","https://github.com/apache/hadoop/tree//ee7d178//hadoop-common-project/hadoop-common/src/main/java/org/apache/hadoop/security/UserGroupInformation.java#L967"
"hadoop_ee7d178","org.apache.hadoop.tools.SimpleCopyListing$TraverseDirectory.traverseDirectoryMultiThreaded",722,759,"hadoop-tools/hadoop-distcp/src/main/java/org/apache/hadoop/tools/SimpleCopyListing.java","https://github.com/apache/hadoop/tree//ee7d178//hadoop-tools/hadoop-distcp/src/main/java/org/apache/hadoop/tools/SimpleCopyListing.java#L722"
"hadoop_ee7d178","org.apache.hadoop.tools.dynamometer.DynoInfraUtils.waitForAndGetNameNodeProperties",235,248,"hadoop-tools/hadoop-dynamometer/hadoop-dynamometer-infra/src/main/java/org/apache/hadoop/tools/dynamometer/DynoInfraUtils.java","https://github.com/apache/hadoop/tree//ee7d178//hadoop-tools/hadoop-dynamometer/hadoop-dynamometer-infra/src/main/java/org/apache/hadoop/tools/dynamometer/DynoInfraUtils.java#L235"
"hadoop_ee7d178","org.apache.hadoop.tools.util.RetriableCommand.execute",85,99,"hadoop-tools/hadoop-distcp/src/main/java/org/apache/hadoop/tools/util/RetriableCommand.java","https://github.com/apache/hadoop/tree//ee7d178//hadoop-tools/hadoop-distcp/src/main/java/org/apache/hadoop/tools/util/RetriableCommand.java#L85"
"hadoop_ee7d178","org.apache.hadoop.yarn.client.api.impl.TimelineV2ClientImpl.putObjects",251,262,"hadoop-yarn-project/hadoop-yarn/hadoop-yarn-common/src/main/java/org/apache/hadoop/yarn/client/api/impl/TimelineV2ClientImpl.java","https://github.com/apache/hadoop/tree//ee7d178//hadoop-yarn-project/hadoop-yarn/hadoop-yarn-common/src/main/java/org/apache/hadoop/yarn/client/api/impl/TimelineV2ClientImpl.java#L251"
"hadoop_ee7d178","org.apache.hadoop.yarn.client.api.impl.TimelineConnector$TimelineClientConnectionRetry.retryOn",342,368,"hadoop-yarn-project/hadoop-yarn/hadoop-yarn-common/src/main/java/org/apache/hadoop/yarn/client/api/impl/TimelineConnector.java","https://github.com/apache/hadoop/tree//ee7d178//hadoop-yarn-project/hadoop-yarn/hadoop-yarn-common/src/main/java/org/apache/hadoop/yarn/client/api/impl/TimelineConnector.java#L342"
"hadoop_ee7d178","org.apache.hadoop.yarn.client.cli.LogsCLI$ClientConnectionRetry.retryOn",1542,1567,"hadoop-yarn-project/hadoop-yarn/hadoop-yarn-client/src/main/java/org/apache/hadoop/yarn/client/cli/LogsCLI.java","https://github.com/apache/hadoop/tree//ee7d178//hadoop-yarn-project/hadoop-yarn/hadoop-yarn-client/src/main/java/org/apache/hadoop/yarn/client/cli/LogsCLI.java#L1542"
"hadoop_ee7d178","org.apache.hadoop.yarn.logaggregation.filecontroller.ifile.LogAggregationIndexedFileController$FSAction.runWithRetries",1278,1290,"hadoop-yarn-project/hadoop-yarn/hadoop-yarn-common/src/main/java/org/apache/hadoop/yarn/logaggregation/filecontroller/ifile/LogAggregationIndexedFileController.java","https://github.com/apache/hadoop/tree//ee7d178//hadoop-yarn-project/hadoop-yarn/hadoop-yarn-common/src/main/java/org/apache/hadoop/yarn/logaggregation/filecontroller/ifile/LogAggregationIndexedFileController.java#L1278"
"hadoop_ee7d178","org.apache.hadoop.yarn.server.federation.retry.FederationActionRetry.runWithRetries",31,43,"hadoop-yarn-project/hadoop-yarn/hadoop-yarn-server/hadoop-yarn-server-common/src/main/java/org/apache/hadoop/yarn/server/federation/retry/FederationActionRetry.java","https://github.com/apache/hadoop/tree//ee7d178//hadoop-yarn-project/hadoop-yarn/hadoop-yarn-server/hadoop-yarn-server-common/src/main/java/org/apache/hadoop/yarn/server/federation/retry/FederationActionRetry.java#L31"
"hadoop_ee7d178","org.apache.hadoop.fs.cosn.CosNativeFileSystemStore.callCOSClientWithRetry",692,763,"hadoop-cloud-storage-project/hadoop-cos/src/main/java/org/apache/hadoop/fs/cosn/CosNativeFileSystemStore.java","https://github.com/apache/hadoop/tree//ee7d178//hadoop-cloud-storage-project/hadoop-cos/src/main/java/org/apache/hadoop/fs/cosn/CosNativeFileSystemStore.java#L692"
"hadoop_ee7d178","org.apache.hadoop.fs.obs.OBSInputStream.randomReadWithNewInputStream",970,1015,"hadoop-cloud-storage-project/hadoop-huaweicloud/src/main/java/org/apache/hadoop/fs/obs/OBSInputStream.java","https://github.com/apache/hadoop/tree//ee7d178//hadoop-cloud-storage-project/hadoop-huaweicloud/src/main/java/org/apache/hadoop/fs/obs/OBSInputStream.java#L970"
"hadoop_ee7d178","org.apache.hadoop.yarn.server.resourcemanager.security.DelegationTokenRenewer$DelegationTokenCancelThread.cancelToken",369,377,"hadoop-yarn-project/hadoop-yarn/hadoop-yarn-server/hadoop-yarn-server-resourcemanager/src/main/java/org/apache/hadoop/yarn/server/resourcemanager/security/DelegationTokenRenewer.java","https://github.com/apache/hadoop/tree//ee7d178//hadoop-yarn-project/hadoop-yarn/hadoop-yarn-server/hadoop-yarn-server-resourcemanager/src/main/java/org/apache/hadoop/yarn/server/resourcemanager/security/DelegationTokenRenewer.java#L369"
"hadoop_ee7d178","org.apache.hadoop.yarn.server.resourcemanager.security.DelegationTokenRenewer$DelegationTokenRenewerPoolTracker.run",998,1027,"hadoop-yarn-project/hadoop-yarn/hadoop-yarn-server/hadoop-yarn-server-resourcemanager/src/main/java/org/apache/hadoop/yarn/server/resourcemanager/security/DelegationTokenRenewer.java","https://github.com/apache/hadoop/tree//ee7d178//hadoop-yarn-project/hadoop-yarn/hadoop-yarn-server/hadoop-yarn-server-resourcemanager/src/main/java/org/apache/hadoop/yarn/server/resourcemanager/security/DelegationTokenRenewer.java#L998"
"hadoop_ee7d178","org.apache.hadoop.yarn.server.router.clientrm.FederationClientInterceptor.submitReservation",1000,1036,"hadoop-yarn-project/hadoop-yarn/hadoop-yarn-server/hadoop-yarn-server-router/src/main/java/org/apache/hadoop/yarn/server/router/clientrm/FederationClientInterceptor.java","https://github.com/apache/hadoop/tree//ee7d178//hadoop-yarn-project/hadoop-yarn/hadoop-yarn-server/hadoop-yarn-server-router/src/main/java/org/apache/hadoop/yarn/server/router/clientrm/FederationClientInterceptor.java#L1000"
"hadoop_ee7d178","org.apache.hadoop.yarn.server.router.clientrm.FederationClientInterceptor.getNewReservation",963,978,"hadoop-yarn-project/hadoop-yarn/hadoop-yarn-server/hadoop-yarn-server-router/src/main/java/org/apache/hadoop/yarn/server/router/clientrm/FederationClientInterceptor.java","https://github.com/apache/hadoop/tree//ee7d178//hadoop-yarn-project/hadoop-yarn/hadoop-yarn-server/hadoop-yarn-server-router/src/main/java/org/apache/hadoop/yarn/server/router/clientrm/FederationClientInterceptor.java#L963"
"hadoop_ee7d178","org.apache.hadoop.yarn.server.timelineservice.storage.FileSystemTimelineWriterImpl$FSAction.runWithRetries",268,281,"hadoop-yarn-project/hadoop-yarn/hadoop-yarn-server/hadoop-yarn-server-timelineservice/src/main/java/org/apache/hadoop/yarn/server/timelineservice/storage/FileSystemTimelineWriterImpl.java","https://github.com/apache/hadoop/tree//ee7d178//hadoop-yarn-project/hadoop-yarn/hadoop-yarn-server/hadoop-yarn-server-timelineservice/src/main/java/org/apache/hadoop/yarn/server/timelineservice/storage/FileSystemTimelineWriterImpl.java#L268"
"hadoop_ee7d178","org.apache.hadoop.crypto.key.kms.LoadBalancingKMSClientProvider.doOp",173,233,"hadoop-common-project/hadoop-common/src/main/java/org/apache/hadoop/crypto/key/kms/LoadBalancingKMSClientProvider.java","https://github.com/apache/hadoop/tree//ee7d178//hadoop-common-project/hadoop-common/src/main/java/org/apache/hadoop/crypto/key/kms/LoadBalancingKMSClientProvider.java#L173"
"hadoop_ee7d178","org.apache.hadoop.fs.FSInputChecker.readChecksumChunk",301,332,"hadoop-common-project/hadoop-common/src/main/java/org/apache/hadoop/fs/FSInputChecker.java","https://github.com/apache/hadoop/tree//ee7d178//hadoop-common-project/hadoop-common/src/main/java/org/apache/hadoop/fs/FSInputChecker.java#L301"
"hadoop_ee7d178","org.apache.hadoop.fs.obs.OBSInputStream.onReadFailure",526,545,"hadoop-cloud-storage-project/hadoop-huaweicloud/src/main/java/org/apache/hadoop/fs/obs/OBSInputStream.java","https://github.com/apache/hadoop/tree//ee7d178//hadoop-cloud-storage-project/hadoop-huaweicloud/src/main/java/org/apache/hadoop/fs/obs/OBSInputStream.java#L526"
"hadoop_ee7d178","org.apache.hadoop.fs.obs.OBSInputStream.lazySeek",373,415,"hadoop-cloud-storage-project/hadoop-huaweicloud/src/main/java/org/apache/hadoop/fs/obs/OBSInputStream.java","https://github.com/apache/hadoop/tree//ee7d178//hadoop-cloud-storage-project/hadoop-huaweicloud/src/main/java/org/apache/hadoop/fs/obs/OBSInputStream.java#L373"
"hadoop_ee7d178","org.apache.hadoop.fs.obs.OBSObjectBucketUtils.copyFile",542,560,"hadoop-cloud-storage-project/hadoop-huaweicloud/src/main/java/org/apache/hadoop/fs/obs/OBSObjectBucketUtils.java","https://github.com/apache/hadoop/tree//ee7d178//hadoop-cloud-storage-project/hadoop-huaweicloud/src/main/java/org/apache/hadoop/fs/obs/OBSObjectBucketUtils.java#L542"
"hadoop_ee7d178","org.apache.hadoop.fs.obs.OBSObjectBucketUtils.createEmptyObject",479,493,"hadoop-cloud-storage-project/hadoop-huaweicloud/src/main/java/org/apache/hadoop/fs/obs/OBSObjectBucketUtils.java","https://github.com/apache/hadoop/tree//ee7d178//hadoop-cloud-storage-project/hadoop-huaweicloud/src/main/java/org/apache/hadoop/fs/obs/OBSObjectBucketUtils.java#L479"
"hadoop_ee7d178","org.apache.hadoop.fs.obs.OBSPosixBucketUtils.innerFsRenameWithRetry",182,231,"hadoop-cloud-storage-project/hadoop-huaweicloud/src/main/java/org/apache/hadoop/fs/obs/OBSPosixBucketUtils.java","https://github.com/apache/hadoop/tree//ee7d178//hadoop-cloud-storage-project/hadoop-huaweicloud/src/main/java/org/apache/hadoop/fs/obs/OBSPosixBucketUtils.java#L182"
"hadoop_ee7d178","org.apache.hadoop.ha.ActiveStandbyElector.zkDoWithRetries",1126,1136,"hadoop-common-project/hadoop-common/src/main/java/org/apache/hadoop/ha/ActiveStandbyElector.java","https://github.com/apache/hadoop/tree//ee7d178//hadoop-common-project/hadoop-common/src/main/java/org/apache/hadoop/ha/ActiveStandbyElector.java#L1126"
"hadoop_ee7d178","org.apache.hadoop.ha.ActiveStandbyElector.reEstablishSession",853,868,"hadoop-common-project/hadoop-common/src/main/java/org/apache/hadoop/ha/ActiveStandbyElector.java","https://github.com/apache/hadoop/tree//ee7d178//hadoop-common-project/hadoop-common/src/main/java/org/apache/hadoop/ha/ActiveStandbyElector.java#L853"
"hadoop_ee7d178","org.apache.hadoop.ipc.Client$Connection.setupIOstreams",790,847,"hadoop-common-project/hadoop-common/src/main/java/org/apache/hadoop/ipc/Client.java","https://github.com/apache/hadoop/tree//ee7d178//hadoop-common-project/hadoop-common/src/main/java/org/apache/hadoop/ipc/Client.java#L790"
"hadoop_ee7d178","org.apache.hadoop.ipc.Client$Connection.setupConnection",614,695,"hadoop-common-project/hadoop-common/src/main/java/org/apache/hadoop/ipc/Client.java","https://github.com/apache/hadoop/tree//ee7d178//hadoop-common-project/hadoop-common/src/main/java/org/apache/hadoop/ipc/Client.java#L614"
"hadoop_ee7d178","org.apache.hadoop.ipc.protobuf.RpcHeaderProtos$RpcRequestHeaderProto.RpcRequestHeaderProto",1834,1923,"hadoop-common-project/hadoop-common/target/generated-sources/java/org/apache/hadoop/ipc/protobuf/RpcHeaderProtos.java","https://github.com/apache/hadoop/tree//ee7d178//hadoop-common-project/hadoop-common/target/generated-sources/java/org/apache/hadoop/ipc/protobuf/RpcHeaderProtos.java#L1834"
"hadoop_ee7d178","org.apache.hadoop.ipc.protobuf.RpcHeaderProtos$RpcResponseHeaderProto.RpcResponseHeaderProto",3784,3864,"hadoop-common-project/hadoop-common/target/generated-sources/java/org/apache/hadoop/ipc/protobuf/RpcHeaderProtos.java","https://github.com/apache/hadoop/tree//ee7d178//hadoop-common-project/hadoop-common/target/generated-sources/java/org/apache/hadoop/ipc/protobuf/RpcHeaderProtos.java#L3784"
"hadoop_ee7d178","org.apache.hadoop.hdfs.server.namenode.ReencryptionUpdater.takeAndProcessTasks",436,461,"hadoop-hdfs-project/hadoop-hdfs/src/main/java/org/apache/hadoop/hdfs/server/namenode/ReencryptionUpdater.java","https://github.com/apache/hadoop/tree//ee7d178//hadoop-hdfs-project/hadoop-hdfs/src/main/java/org/apache/hadoop/hdfs/server/namenode/ReencryptionUpdater.java#L436"
"hadoop_ee7d178","org.apache.hadoop.hdfs.server.namenode.ha.EditLogTailer$MultipleNameNodeProxy.getActiveNodeProxy",609,630,"hadoop-hdfs-project/hadoop-hdfs/src/main/java/org/apache/hadoop/hdfs/server/namenode/ha/EditLogTailer.java","https://github.com/apache/hadoop/tree//ee7d178//hadoop-hdfs-project/hadoop-hdfs/src/main/java/org/apache/hadoop/hdfs/server/namenode/ha/EditLogTailer.java#L609"
"hadoop_ee7d178","org.apache.hadoop.hdfs.server.sps.ExternalSPSBlockMoveTaskHandler$BlockMovingTask.moveBlock",203,219,"hadoop-hdfs-project/hadoop-hdfs/src/main/java/org/apache/hadoop/hdfs/server/sps/ExternalSPSBlockMoveTaskHandler.java","https://github.com/apache/hadoop/tree//ee7d178//hadoop-hdfs-project/hadoop-hdfs/src/main/java/org/apache/hadoop/hdfs/server/sps/ExternalSPSBlockMoveTaskHandler.java#L203"
"hadoop_ee7d178","org.apache.hadoop.hdfs.DFSInputStream.readBuffer",786,822,"hadoop-hdfs-project/hadoop-hdfs-client/src/main/java/org/apache/hadoop/hdfs/DFSInputStream.java","https://github.com/apache/hadoop/tree//ee7d178//hadoop-hdfs-project/hadoop-hdfs-client/src/main/java/org/apache/hadoop/hdfs/DFSInputStream.java#L786"
"hadoop_ee7d178","org.apache.hadoop.hdfs.DFSInputStream.blockSeekTo",622,675,"hadoop-hdfs-project/hadoop-hdfs-client/src/main/java/org/apache/hadoop/hdfs/DFSInputStream.java","https://github.com/apache/hadoop/tree//ee7d178//hadoop-hdfs-project/hadoop-hdfs-client/src/main/java/org/apache/hadoop/hdfs/DFSInputStream.java#L622"
"hadoop_ee7d178","org.apache.hadoop.hdfs.DFSInputStream.readBlockLength",344,404,"hadoop-hdfs-project/hadoop-hdfs-client/src/main/java/org/apache/hadoop/hdfs/DFSInputStream.java","https://github.com/apache/hadoop/tree//ee7d178//hadoop-hdfs-project/hadoop-hdfs-client/src/main/java/org/apache/hadoop/hdfs/DFSInputStream.java#L344"
"hadoop_ee7d178","org.apache.hadoop.hdfs.client.impl.LeaseRenewer.run",440,492,"hadoop-hdfs-project/hadoop-hdfs-client/src/main/java/org/apache/hadoop/hdfs/client/impl/LeaseRenewer.java","https://github.com/apache/hadoop/tree//ee7d178//hadoop-hdfs-project/hadoop-hdfs-client/src/main/java/org/apache/hadoop/hdfs/client/impl/LeaseRenewer.java#L440"
"hadoop_ee7d178","org.apache.hadoop.hdfs.DataStreamer.transfer",1550,1566,"hadoop-hdfs-project/hadoop-hdfs-client/src/main/java/org/apache/hadoop/hdfs/DataStreamer.java","https://github.com/apache/hadoop/tree//ee7d178//hadoop-hdfs-project/hadoop-hdfs-client/src/main/java/org/apache/hadoop/hdfs/DataStreamer.java#L1550"
"hadoop_ee7d178","org.apache.hadoop.hdfs.FileChecksumHelper$ReplicatedFileChecksumComputer.checksumBlock",521,551,"hadoop-hdfs-project/hadoop-hdfs-client/src/main/java/org/apache/hadoop/hdfs/FileChecksumHelper.java","https://github.com/apache/hadoop/tree//ee7d178//hadoop-hdfs-project/hadoop-hdfs-client/src/main/java/org/apache/hadoop/hdfs/FileChecksumHelper.java#L521"
"hadoop_ee7d178","org.apache.hadoop.hdfs.FileChecksumHelper$StripedFileNonStripedChecksumComputer.checksumBlockGroup",653,673,"hadoop-hdfs-project/hadoop-hdfs-client/src/main/java/org/apache/hadoop/hdfs/FileChecksumHelper.java","https://github.com/apache/hadoop/tree//ee7d178//hadoop-hdfs-project/hadoop-hdfs-client/src/main/java/org/apache/hadoop/hdfs/FileChecksumHelper.java#L653"
"hadoop_ee7d178","org.apache.hadoop.hdfs.web.WebHdfsFileSystem$AbstractRunner.runWithRetry",824,859,"hadoop-hdfs-project/hadoop-hdfs-client/src/main/java/org/apache/hadoop/hdfs/web/WebHdfsFileSystem.java","https://github.com/apache/hadoop/tree//ee7d178//hadoop-hdfs-project/hadoop-hdfs-client/src/main/java/org/apache/hadoop/hdfs/web/WebHdfsFileSystem.java#L824"
"hadoop_ee7d178","org.apache.hadoop.mapred.ClientServiceDelegate.invoke",322,367,"hadoop-mapreduce-project/hadoop-mapreduce-client/hadoop-mapreduce-client-jobclient/src/main/java/org/apache/hadoop/mapred/ClientServiceDelegate.java","https://github.com/apache/hadoop/tree//ee7d178//hadoop-mapreduce-project/hadoop-mapreduce-client/hadoop-mapreduce-client-jobclient/src/main/java/org/apache/hadoop/mapred/ClientServiceDelegate.java#L322"
"hadoop_ee7d178","org.apache.hadoop.mapred.Task.commit",1397,1417,"hadoop-mapreduce-project/hadoop-mapreduce-client/hadoop-mapreduce-client-core/src/main/java/org/apache/hadoop/mapred/Task.java","https://github.com/apache/hadoop/tree//ee7d178//hadoop-mapreduce-project/hadoop-mapreduce-client/hadoop-mapreduce-client-core/src/main/java/org/apache/hadoop/mapred/Task.java#L1397"
"hadoop_ee7d178","org.apache.hadoop.mapred.Task.sendDone",1377,1389,"hadoop-mapreduce-project/hadoop-mapreduce-client/hadoop-mapreduce-client-core/src/main/java/org/apache/hadoop/mapred/Task.java","https://github.com/apache/hadoop/tree//ee7d178//hadoop-mapreduce-project/hadoop-mapreduce-client/hadoop-mapreduce-client-core/src/main/java/org/apache/hadoop/mapred/Task.java#L1377"
"hadoop_ee7d178","org.apache.hadoop.mapreduce.task.reduce.Fetcher.connect",713,752,"hadoop-mapreduce-project/hadoop-mapreduce-client/hadoop-mapreduce-client-core/src/main/java/org/apache/hadoop/mapreduce/task/reduce/Fetcher.java","https://github.com/apache/hadoop/tree//ee7d178//hadoop-mapreduce-project/hadoop-mapreduce-client/hadoop-mapreduce-client-core/src/main/java/org/apache/hadoop/mapreduce/task/reduce/Fetcher.java#L713"
"hadoop_ee7d178","org.apache.hadoop.mapreduce.task.reduce.Fetcher.openConnectionWithRetry",410,432,"hadoop-mapreduce-project/hadoop-mapreduce-client/hadoop-mapreduce-client-core/src/main/java/org/apache/hadoop/mapreduce/task/reduce/Fetcher.java","https://github.com/apache/hadoop/tree//ee7d178//hadoop-mapreduce-project/hadoop-mapreduce-client/hadoop-mapreduce-client-core/src/main/java/org/apache/hadoop/mapreduce/task/reduce/Fetcher.java#L410"
"hadoop_ee7d178","org.apache.hadoop.fs.azure.BlockBlobAppendStream.writeBlockListRequestInternal",782,809,"hadoop-tools/hadoop-azure/src/main/java/org/apache/hadoop/fs/azure/BlockBlobAppendStream.java","https://github.com/apache/hadoop/tree//ee7d178//hadoop-tools/hadoop-azure/src/main/java/org/apache/hadoop/fs/azure/BlockBlobAppendStream.java#L782"
"hadoop_ee7d178","org.apache.hadoop.fs.azure.BlockBlobAppendStream.writeBlockRequestInternal",716,743,"hadoop-tools/hadoop-azure/src/main/java/org/apache/hadoop/fs/azure/BlockBlobAppendStream.java","https://github.com/apache/hadoop/tree//ee7d178//hadoop-tools/hadoop-azure/src/main/java/org/apache/hadoop/fs/azure/BlockBlobAppendStream.java#L716"
"hadoop_ee7d178","org.apache.hadoop.fs.azure.PageBlobOutputStream.conditionalExtendFile",437,456,"hadoop-tools/hadoop-azure/src/main/java/org/apache/hadoop/fs/azure/PageBlobOutputStream.java","https://github.com/apache/hadoop/tree//ee7d178//hadoop-tools/hadoop-azure/src/main/java/org/apache/hadoop/fs/azure/PageBlobOutputStream.java#L437"
"hadoop_ee7d178","org.apache.hadoop.fs.azurebfs.oauth2.AzureADAuthenticator.getTokenCall",303,332,"hadoop-tools/hadoop-azure/src/main/java/org/apache/hadoop/fs/azurebfs/oauth2/AzureADAuthenticator.java","https://github.com/apache/hadoop/tree//ee7d178//hadoop-tools/hadoop-azure/src/main/java/org/apache/hadoop/fs/azurebfs/oauth2/AzureADAuthenticator.java#L303"
"hadoop_ee7d178","org.apache.hadoop.fs.azurebfs.services.AbfsRestOperation.completeExecute",220,230,"hadoop-tools/hadoop-azure/src/main/java/org/apache/hadoop/fs/azurebfs/services/AbfsRestOperation.java","https://github.com/apache/hadoop/tree//ee7d178//hadoop-tools/hadoop-azure/src/main/java/org/apache/hadoop/fs/azurebfs/services/AbfsRestOperation.java#L220"
"hadoop_ee7d178","org.apache.hadoop.tools.dynamometer.DynoInfraUtils.waitForNameNodeJMXValue",458,480,"hadoop-tools/hadoop-dynamometer/hadoop-dynamometer-infra/src/main/java/org/apache/hadoop/tools/dynamometer/DynoInfraUtils.java","https://github.com/apache/hadoop/tree//ee7d178//hadoop-tools/hadoop-dynamometer/hadoop-dynamometer-infra/src/main/java/org/apache/hadoop/tools/dynamometer/DynoInfraUtils.java#L458"
"hadoop_ee7d178","org.apache.hadoop.yarn.proto.YarnProtos$ContainerLaunchContextProto.ContainerLaunchContextProto",83812,83894,"hadoop-yarn-project/hadoop-yarn/hadoop-yarn-api/target/generated-sources/java/org/apache/hadoop/yarn/proto/YarnProtos.java","https://github.com/apache/hadoop/tree//ee7d178//hadoop-yarn-project/hadoop-yarn/hadoop-yarn-api/target/generated-sources/java/org/apache/hadoop/yarn/proto/YarnProtos.java#L83812"
"hadoop_ee7d178","org.apache.hadoop.yarn.proto.YarnProtos$ContainerRetryContextProto.ContainerRetryContextProto",87908,87970,"hadoop-yarn-project/hadoop-yarn/hadoop-yarn-api/target/generated-sources/java/org/apache/hadoop/yarn/proto/YarnProtos.java","https://github.com/apache/hadoop/tree//ee7d178//hadoop-yarn-project/hadoop-yarn/hadoop-yarn-api/target/generated-sources/java/org/apache/hadoop/yarn/proto/YarnProtos.java#L87908"
"hadoop_ee7d178","org.apache.hadoop.yarn.client.api.impl.TimelineV2ClientImpl.pollTimelineServiceAddress",379,387,"hadoop-yarn-project/hadoop-yarn/hadoop-yarn-common/src/main/java/org/apache/hadoop/yarn/client/api/impl/TimelineV2ClientImpl.java","https://github.com/apache/hadoop/tree//ee7d178//hadoop-yarn-project/hadoop-yarn/hadoop-yarn-common/src/main/java/org/apache/hadoop/yarn/client/api/impl/TimelineV2ClientImpl.java#L379"
"hadoop_ee7d178","org.apache.hadoop.yarn.logaggregation.filecontroller.ifile.LogAggregationIndexedFileController.loadUUIDFromLogFile",1321,1340,"hadoop-yarn-project/hadoop-yarn/hadoop-yarn-common/src/main/java/org/apache/hadoop/yarn/logaggregation/filecontroller/ifile/LogAggregationIndexedFileController.java","https://github.com/apache/hadoop/tree//ee7d178//hadoop-yarn-project/hadoop-yarn/hadoop-yarn-common/src/main/java/org/apache/hadoop/yarn/logaggregation/filecontroller/ifile/LogAggregationIndexedFileController.java#L1321"
"hadoop_ee7d178","org.apache.hadoop.yarn.server.uam.UnmanagedApplicationManager.monitorCurrentAppAttempt",460,507,"hadoop-yarn-project/hadoop-yarn/hadoop-yarn-server/hadoop-yarn-server-common/src/main/java/org/apache/hadoop/yarn/server/uam/UnmanagedApplicationManager.java","https://github.com/apache/hadoop/tree//ee7d178//hadoop-yarn-project/hadoop-yarn/hadoop-yarn-server/hadoop-yarn-server-common/src/main/java/org/apache/hadoop/yarn/server/uam/UnmanagedApplicationManager.java#L460"
"hbase_e1ad781","org.apache.hadoop.hbase.io.asyncfs.FanOutOneBlockAsyncDFSOutputHelper.completeFile",589,609,"hbase-asyncfs/src/main/java/org/apache/hadoop/hbase/io/asyncfs/FanOutOneBlockAsyncDFSOutputHelper.java","https://github.com/apache/hbase/tree//e1ad781//hbase-asyncfs/src/main/java/org/apache/hadoop/hbase/io/asyncfs/FanOutOneBlockAsyncDFSOutputHelper.java#L589"
"hbase_e1ad781","org.apache.hadoop.hbase.ipc.BlockingRpcConnection.setupConnection",250,278,"hbase-client/src/main/java/org/apache/hadoop/hbase/ipc/BlockingRpcConnection.java","https://github.com/apache/hbase/tree//e1ad781//hbase-client/src/main/java/org/apache/hadoop/hbase/ipc/BlockingRpcConnection.java#L250"
"hbase_e1ad781","org.apache.hadoop.hbase.master.MasterWalManager.getFailedServersFromLogFolders",215,269,"hbase-server/src/main/java/org/apache/hadoop/hbase/master/MasterWalManager.java","https://github.com/apache/hbase/tree//e1ad781//hbase-server/src/main/java/org/apache/hadoop/hbase/master/MasterWalManager.java#L215"
"hbase_e1ad781","org.apache.hadoop.hbase.master.procedure.ProcedureSyncWait.waitMetaRegions",231,241,"hbase-server/src/main/java/org/apache/hadoop/hbase/master/procedure/ProcedureSyncWait.java","https://github.com/apache/hbase/tree//e1ad781//hbase-server/src/main/java/org/apache/hadoop/hbase/master/procedure/ProcedureSyncWait.java#L231"
"hbase_e1ad781","org.apache.hadoop.hbase.wal.AbstractWALRoller.run",174,248,"hbase-server/src/main/java/org/apache/hadoop/hbase/wal/AbstractWALRoller.java","https://github.com/apache/hbase/tree//e1ad781//hbase-server/src/main/java/org/apache/hadoop/hbase/wal/AbstractWALRoller.java#L174"
"hbase_e1ad781","org.apache.hadoop.hbase.wal.AbstractWALRoller.run",191,237,"hbase-server/src/main/java/org/apache/hadoop/hbase/wal/AbstractWALRoller.java","https://github.com/apache/hbase/tree//e1ad781//hbase-server/src/main/java/org/apache/hadoop/hbase/wal/AbstractWALRoller.java#L191"
"hbase_e1ad781","org.apache.hadoop.hbase.wal.AbstractWALRoller.run",208,231,"hbase-server/src/main/java/org/apache/hadoop/hbase/wal/AbstractWALRoller.java","https://github.com/apache/hbase/tree//e1ad781//hbase-server/src/main/java/org/apache/hadoop/hbase/wal/AbstractWALRoller.java#L208"
"hbase_e1ad781","org.apache.hadoop.hbase.procedure2.store.wal.WALProcedureStore.syncSlots",898,918,"hbase-procedure/src/main/java/org/apache/hadoop/hbase/procedure2/store/wal/WALProcedureStore.java","https://github.com/apache/hbase/tree//e1ad781//hbase-procedure/src/main/java/org/apache/hadoop/hbase/procedure2/store/wal/WALProcedureStore.java#L898"
"hbase_e1ad781","org.apache.hadoop.hbase.procedure2.store.wal.WALProcedureStore.recoverLease",402,436,"hbase-procedure/src/main/java/org/apache/hadoop/hbase/procedure2/store/wal/WALProcedureStore.java","https://github.com/apache/hbase/tree//e1ad781//hbase-procedure/src/main/java/org/apache/hadoop/hbase/procedure2/store/wal/WALProcedureStore.java#L402"
"hbase_e1ad781","org.apache.hadoop.hbase.regionserver.HRegionServer.createRegionServerStatusStub",2505,2543,"hbase-server/src/main/java/org/apache/hadoop/hbase/regionserver/HRegionServer.java","https://github.com/apache/hbase/tree//e1ad781//hbase-server/src/main/java/org/apache/hadoop/hbase/regionserver/HRegionServer.java#L2505"
"hbase_e1ad781","org.apache.hadoop.hbase.regionserver.HRegionServer.reportRegionStateTransition",2262,2306,"hbase-server/src/main/java/org/apache/hadoop/hbase/regionserver/HRegionServer.java","https://github.com/apache/hbase/tree//e1ad781//hbase-server/src/main/java/org/apache/hadoop/hbase/regionserver/HRegionServer.java#L2262"
"hbase_e1ad781","org.apache.hadoop.hbase.regionserver.HStore.flushCache",817,849,"hbase-server/src/main/java/org/apache/hadoop/hbase/regionserver/HStore.java","https://github.com/apache/hbase/tree//e1ad781//hbase-server/src/main/java/org/apache/hadoop/hbase/regionserver/HStore.java#L817"
"hbase_e1ad781","org.apache.hadoop.hbase.regionserver.HRegionFileSystem.deleteDir",1126,1139,"hbase-server/src/main/java/org/apache/hadoop/hbase/regionserver/HRegionFileSystem.java","https://github.com/apache/hbase/tree//e1ad781//hbase-server/src/main/java/org/apache/hadoop/hbase/regionserver/HRegionFileSystem.java#L1126"
"hbase_e1ad781","org.apache.hadoop.hbase.regionserver.HRegionFileSystem.rename",1101,1114,"hbase-server/src/main/java/org/apache/hadoop/hbase/regionserver/HRegionFileSystem.java","https://github.com/apache/hbase/tree//e1ad781//hbase-server/src/main/java/org/apache/hadoop/hbase/regionserver/HRegionFileSystem.java#L1101"
"hbase_e1ad781","org.apache.hadoop.hbase.regionserver.HRegionFileSystem.createDir",1078,1090,"hbase-server/src/main/java/org/apache/hadoop/hbase/regionserver/HRegionFileSystem.java","https://github.com/apache/hbase/tree//e1ad781//hbase-server/src/main/java/org/apache/hadoop/hbase/regionserver/HRegionFileSystem.java#L1078"
"hbase_e1ad781","org.apache.hadoop.hbase.regionserver.RemoteProcedureResultReporter.run",71,111,"hbase-server/src/main/java/org/apache/hadoop/hbase/regionserver/RemoteProcedureResultReporter.java","https://github.com/apache/hbase/tree//e1ad781//hbase-server/src/main/java/org/apache/hadoop/hbase/regionserver/RemoteProcedureResultReporter.java#L71"
"hbase_e1ad781","org.apache.hadoop.hbase.regionserver.SnapshotRegionCallable.doCall",57,69,"hbase-server/src/main/java/org/apache/hadoop/hbase/regionserver/SnapshotRegionCallable.java","https://github.com/apache/hbase/tree//e1ad781//hbase-server/src/main/java/org/apache/hadoop/hbase/regionserver/SnapshotRegionCallable.java#L57"
"hbase_e1ad781","org.apache.hadoop.hbase.regionserver.handler.RegionReplicaFlushHandler.triggerFlushInPrimaryRegion",107,196,"hbase-server/src/main/java/org/apache/hadoop/hbase/regionserver/handler/RegionReplicaFlushHandler.java","https://github.com/apache/hbase/tree//e1ad781//hbase-server/src/main/java/org/apache/hadoop/hbase/regionserver/handler/RegionReplicaFlushHandler.java#L107"
"hbase_e1ad781","org.apache.hadoop.hbase.regionserver.snapshot.FlushSnapshotSubprocedure$RegionSnapshotTask.call",113,128,"hbase-server/src/main/java/org/apache/hadoop/hbase/regionserver/snapshot/FlushSnapshotSubprocedure.java","https://github.com/apache/hbase/tree//e1ad781//hbase-server/src/main/java/org/apache/hadoop/hbase/regionserver/snapshot/FlushSnapshotSubprocedure.java#L113"
"hbase_e1ad781","org.apache.hadoop.hbase.regionserver.wal.AbstractFSWAL.archive",783,800,"hbase-server/src/main/java/org/apache/hadoop/hbase/regionserver/wal/AbstractFSWAL.java","https://github.com/apache/hbase/tree//e1ad781//hbase-server/src/main/java/org/apache/hadoop/hbase/regionserver/wal/AbstractFSWAL.java#L783"
"hbase_e1ad781","org.apache.hadoop.hbase.regionserver.wal.DualAsyncFSWAL.createWriterInstance",76,96,"hbase-server/src/main/java/org/apache/hadoop/hbase/regionserver/wal/DualAsyncFSWAL.java","https://github.com/apache/hbase/tree//e1ad781//hbase-server/src/main/java/org/apache/hadoop/hbase/regionserver/wal/DualAsyncFSWAL.java#L76"
"hbase_e1ad781","org.apache.hadoop.hbase.replication.regionserver.HBaseInterClusterReplicationEndpoint.replicate",452,509,"hbase-server/src/main/java/org/apache/hadoop/hbase/replication/regionserver/HBaseInterClusterReplicationEndpoint.java","https://github.com/apache/hbase/tree//e1ad781//hbase-server/src/main/java/org/apache/hadoop/hbase/replication/regionserver/HBaseInterClusterReplicationEndpoint.java#L452"
"hbase_e1ad781","org.apache.hadoop.hbase.replication.ZKReplicationQueueStorage.getAllHFileRefs",667,684,"hbase-replication/src/main/java/org/apache/hadoop/hbase/replication/ZKReplicationQueueStorage.java","https://github.com/apache/hbase/tree//e1ad781//hbase-replication/src/main/java/org/apache/hadoop/hbase/replication/ZKReplicationQueueStorage.java#L667"
"hbase_e1ad781","org.apache.hadoop.hbase.replication.ZKReplicationQueueStorage.getAllWALs",526,545,"hbase-replication/src/main/java/org/apache/hadoop/hbase/replication/ZKReplicationQueueStorage.java","https://github.com/apache/hbase/tree//e1ad781//hbase-replication/src/main/java/org/apache/hadoop/hbase/replication/ZKReplicationQueueStorage.java#L526"
"hbase_e1ad781","org.apache.hadoop.hbase.replication.ZKReplicationQueueStorage.setWALPosition",233,253,"hbase-replication/src/main/java/org/apache/hadoop/hbase/replication/ZKReplicationQueueStorage.java","https://github.com/apache/hbase/tree//e1ad781//hbase-replication/src/main/java/org/apache/hadoop/hbase/replication/ZKReplicationQueueStorage.java#L233"
"hbase_e1ad781","org.apache.hadoop.hbase.replication.regionserver.RecoveredReplicationSourceShipper.getStartPosition",57,65,"hbase-server/src/main/java/org/apache/hadoop/hbase/replication/regionserver/RecoveredReplicationSourceShipper.java","https://github.com/apache/hbase/tree//e1ad781//hbase-server/src/main/java/org/apache/hadoop/hbase/replication/regionserver/RecoveredReplicationSourceShipper.java#L57"
"hbase_e1ad781","org.apache.hadoop.hbase.replication.regionserver.ReplicationSourceWALReader.run",130,174,"hbase-server/src/main/java/org/apache/hadoop/hbase/replication/regionserver/ReplicationSourceWALReader.java","https://github.com/apache/hbase/tree//e1ad781//hbase-server/src/main/java/org/apache/hadoop/hbase/replication/regionserver/ReplicationSourceWALReader.java#L130"
"hbase_e1ad781","org.apache.hadoop.hbase.shaded.protobuf.generated.RPCProtos$ExceptionResponse$Builder.mergeFrom",4652,4695,"hbase-protocol-shaded/target/generated-sources/protobuf/java/org/apache/hadoop/hbase/shaded/protobuf/generated/RPCProtos.java","https://github.com/apache/hbase/tree//e1ad781//hbase-protocol-shaded/target/generated-sources/protobuf/java/org/apache/hadoop/hbase/shaded/protobuf/generated/RPCProtos.java#L4652"
"hbase_e1ad781","org.apache.hadoop.hbase.thrift.generated.IOError$IOErrorStandardScheme.read",382,409,"hbase-thrift/src/main/java/org/apache/hadoop/hbase/thrift/generated/IOError.java","https://github.com/apache/hbase/tree//e1ad781//hbase-thrift/src/main/java/org/apache/hadoop/hbase/thrift/generated/IOError.java#L382"
"hbase_e1ad781","org.apache.hadoop.hbase.thrift2.generated.TIOError$TIOErrorStandardScheme.read",379,406,"hbase-thrift/src/main/java/org/apache/hadoop/hbase/thrift2/generated/TIOError.java","https://github.com/apache/hbase/tree//e1ad781//hbase-thrift/src/main/java/org/apache/hadoop/hbase/thrift2/generated/TIOError.java#L379"
"hbase_e1ad781","org.apache.hadoop.hbase.zookeeper.ZKNodeTracker.blockUntilAvailable",140,165,"hbase-zookeeper/src/main/java/org/apache/hadoop/hbase/zookeeper/ZKNodeTracker.java","https://github.com/apache/hbase/tree//e1ad781//hbase-zookeeper/src/main/java/org/apache/hadoop/hbase/zookeeper/ZKNodeTracker.java#L140"
"hbase_e1ad781","org.apache.hadoop.hbase.io.asyncfs.FanOutOneBlockAsyncDFSOutputHelper.createOutput",470,553,"hbase-asyncfs/src/main/java/org/apache/hadoop/hbase/io/asyncfs/FanOutOneBlockAsyncDFSOutputHelper.java","https://github.com/apache/hbase/tree//e1ad781//hbase-asyncfs/src/main/java/org/apache/hadoop/hbase/io/asyncfs/FanOutOneBlockAsyncDFSOutputHelper.java#L470"
"hbase_e1ad781","org.apache.hadoop.hbase.ipc.BlockingRpcConnection.setupIOstreams",461,506,"hbase-client/src/main/java/org/apache/hadoop/hbase/ipc/BlockingRpcConnection.java","https://github.com/apache/hbase/tree//e1ad781//hbase-client/src/main/java/org/apache/hadoop/hbase/ipc/BlockingRpcConnection.java#L461"
"hbase_e1ad781","org.apache.hadoop.hbase.zookeeper.RecoverableZooKeeper.multi",680,699,"hbase-zookeeper/src/main/java/org/apache/hadoop/hbase/zookeeper/RecoverableZooKeeper.java","https://github.com/apache/hbase/tree//e1ad781//hbase-zookeeper/src/main/java/org/apache/hadoop/hbase/zookeeper/RecoverableZooKeeper.java#L680"
"hbase_e1ad781","org.apache.hadoop.hbase.zookeeper.RecoverableZooKeeper.setAcl",509,527,"hbase-zookeeper/src/main/java/org/apache/hadoop/hbase/zookeeper/RecoverableZooKeeper.java","https://github.com/apache/hbase/tree//e1ad781//hbase-zookeeper/src/main/java/org/apache/hadoop/hbase/zookeeper/RecoverableZooKeeper.java#L509"
"hbase_e1ad781","org.apache.hadoop.hbase.zookeeper.RecoverableZooKeeper.getAcl",475,494,"hbase-zookeeper/src/main/java/org/apache/hadoop/hbase/zookeeper/RecoverableZooKeeper.java","https://github.com/apache/hbase/tree//e1ad781//hbase-zookeeper/src/main/java/org/apache/hadoop/hbase/zookeeper/RecoverableZooKeeper.java#L475"
"hbase_e1ad781","org.apache.hadoop.hbase.zookeeper.RecoverableZooKeeper.setData",425,461,"hbase-zookeeper/src/main/java/org/apache/hadoop/hbase/zookeeper/RecoverableZooKeeper.java","https://github.com/apache/hbase/tree//e1ad781//hbase-zookeeper/src/main/java/org/apache/hadoop/hbase/zookeeper/RecoverableZooKeeper.java#L425"
"hbase_e1ad781","org.apache.hadoop.hbase.zookeeper.RecoverableZooKeeper.delete",208,239,"hbase-zookeeper/src/main/java/org/apache/hadoop/hbase/zookeeper/RecoverableZooKeeper.java","https://github.com/apache/hbase/tree//e1ad781//hbase-zookeeper/src/main/java/org/apache/hadoop/hbase/zookeeper/RecoverableZooKeeper.java#L208"
"hbase_e1ad781","org.apache.hadoop.hbase.wal.WALFactory.createReader",339,390,"hbase-server/src/main/java/org/apache/hadoop/hbase/wal/WALFactory.java","https://github.com/apache/hbase/tree//e1ad781//hbase-server/src/main/java/org/apache/hadoop/hbase/wal/WALFactory.java#L339"
"hbase_e1ad781","org.apache.hadoop.hbase.util.FSUtils.setClusterId",601,643,"hbase-server/src/main/java/org/apache/hadoop/hbase/util/FSUtils.java","https://github.com/apache/hbase/tree//e1ad781//hbase-server/src/main/java/org/apache/hadoop/hbase/util/FSUtils.java#L601"
"hbase_e1ad781","org.apache.hadoop.hbase.util.FSUtils.checkClusterIdExists",499,516,"hbase-server/src/main/java/org/apache/hadoop/hbase/util/FSUtils.java","https://github.com/apache/hbase/tree//e1ad781//hbase-server/src/main/java/org/apache/hadoop/hbase/util/FSUtils.java#L499"
"hbase_e1ad781","org.apache.hadoop.hbase.util.FSUtils.setVersion",444,486,"hbase-server/src/main/java/org/apache/hadoop/hbase/util/FSUtils.java","https://github.com/apache/hbase/tree//e1ad781//hbase-server/src/main/java/org/apache/hadoop/hbase/util/FSUtils.java#L444"
"hbase_e1ad781","org.apache.hadoop.hbase.util.HBaseFsckRepair.waitUntilAssigned",107,127,"hbase-server/src/main/java/org/apache/hadoop/hbase/util/HBaseFsckRepair.java","https://github.com/apache/hbase/tree//e1ad781//hbase-server/src/main/java/org/apache/hadoop/hbase/util/HBaseFsckRepair.java#L107"
"hbase_e1ad781","org.apache.hadoop.hbase.util.MoveWithAck.call",76,91,"hbase-server/src/main/java/org/apache/hadoop/hbase/util/MoveWithAck.java","https://github.com/apache/hbase/tree//e1ad781//hbase-server/src/main/java/org/apache/hadoop/hbase/util/MoveWithAck.java#L76"
"hbase_e1ad781","org.apache.hadoop.hbase.wal.AbstractFSWALProvider.openReader",515,551,"hbase-server/src/main/java/org/apache/hadoop/hbase/wal/AbstractFSWALProvider.java","https://github.com/apache/hbase/tree//e1ad781//hbase-server/src/main/java/org/apache/hadoop/hbase/wal/AbstractFSWALProvider.java#L515"
"hbase_e1ad781","org.apache.hadoop.hbase.zookeeper.ZKUtil.waitForBaseZNode",1400,1411,"hbase-zookeeper/src/main/java/org/apache/hadoop/hbase/zookeeper/ZKUtil.java","https://github.com/apache/hbase/tree//e1ad781//hbase-zookeeper/src/main/java/org/apache/hadoop/hbase/zookeeper/ZKUtil.java#L1400"
"hbase_e1ad781","<anonymous class>.run",107,127,"hbase-server/src/main/java/org/apache/hadoop/hbase/MetaRegionLocationCache.java","https://github.com/apache/hbase/tree//e1ad781//hbase-server/src/main/java/org/apache/hadoop/hbase/MetaRegionLocationCache.java#L107"
"hbase_e1ad781","org.apache.hadoop.hbase.MetaRegionLocationCache.updateMetaLocation",171,196,"hbase-server/src/main/java/org/apache/hadoop/hbase/MetaRegionLocationCache.java","https://github.com/apache/hbase/tree//e1ad781//hbase-server/src/main/java/org/apache/hadoop/hbase/MetaRegionLocationCache.java#L171"
"hbase_e1ad781","org.apache.hadoop.hbase.backup.HFileArchiver.resolveAndArchiveFile",548,575,"hbase-server/src/main/java/org/apache/hadoop/hbase/backup/HFileArchiver.java","https://github.com/apache/hbase/tree//e1ad781//hbase-server/src/main/java/org/apache/hadoop/hbase/backup/HFileArchiver.java#L548"
"hbase_e1ad781","org.apache.hadoop.hbase.chaos.ChaosAgent.execWithRetries",412,423,"hbase-it/src/main/java/org/apache/hadoop/hbase/chaos/ChaosAgent.java","https://github.com/apache/hbase/tree//e1ad781//hbase-it/src/main/java/org/apache/hadoop/hbase/chaos/ChaosAgent.java#L412"
"hbase_e1ad781","org.apache.hadoop.hbase.regionserver.HRegionFileSystem.createDirOnFileSystem",1165,1178,"hbase-server/src/main/java/org/apache/hadoop/hbase/regionserver/HRegionFileSystem.java","https://github.com/apache/hbase/tree//e1ad781//hbase-server/src/main/java/org/apache/hadoop/hbase/regionserver/HRegionFileSystem.java#L1165"
"hbase_e1ad781","org.apache.hadoop.hbase.master.zksyncer.ClientZKSyncer.deleteDataForClientZkUntilSuccess",195,210,"hbase-server/src/main/java/org/apache/hadoop/hbase/master/zksyncer/ClientZKSyncer.java","https://github.com/apache/hbase/tree//e1ad781//hbase-server/src/main/java/org/apache/hadoop/hbase/master/zksyncer/ClientZKSyncer.java#L195"
"hbase_e1ad781","org.apache.hadoop.hbase.master.zksyncer.ClientZKSyncer.setDataForClientZkUntilSuccess",169,191,"hbase-server/src/main/java/org/apache/hadoop/hbase/master/zksyncer/ClientZKSyncer.java","https://github.com/apache/hbase/tree//e1ad781//hbase-server/src/main/java/org/apache/hadoop/hbase/master/zksyncer/ClientZKSyncer.java#L169"
"hbase_e1ad781","org.apache.hadoop.hbase.namequeues.WALEventTrackerTableAccessor.doPut",70,78,"hbase-server/src/main/java/org/apache/hadoop/hbase/namequeues/WALEventTrackerTableAccessor.java","https://github.com/apache/hbase/tree//e1ad781//hbase-server/src/main/java/org/apache/hadoop/hbase/namequeues/WALEventTrackerTableAccessor.java#L70"
"hbase_e1ad781","org.apache.hadoop.hbase.procedure2.store.wal.WALProcedureStore.rollWriterWithRetries",950,962,"hbase-procedure/src/main/java/org/apache/hadoop/hbase/procedure2/store/wal/WALProcedureStore.java","https://github.com/apache/hbase/tree//e1ad781//hbase-procedure/src/main/java/org/apache/hadoop/hbase/procedure2/store/wal/WALProcedureStore.java#L950"
"hbase_e1ad781","org.apache.hadoop.hbase.replication.regionserver.ReplicationSourceManager.cleanOldLogs",706,724,"hbase-server/src/main/java/org/apache/hadoop/hbase/replication/regionserver/ReplicationSourceManager.java","https://github.com/apache/hbase/tree//e1ad781//hbase-server/src/main/java/org/apache/hadoop/hbase/replication/regionserver/ReplicationSourceManager.java#L706"
"hbase_e1ad781","org.apache.hadoop.hbase.replication.regionserver.HFileReplicator.doBulkLoad",169,180,"hbase-server/src/main/java/org/apache/hadoop/hbase/replication/regionserver/HFileReplicator.java","https://github.com/apache/hbase/tree//e1ad781//hbase-server/src/main/java/org/apache/hadoop/hbase/replication/regionserver/HFileReplicator.java#L169"
"hbase_e1ad781","org.apache.hadoop.hbase.replication.regionserver.ReplicationSource.initialize",512,539,"hbase-server/src/main/java/org/apache/hadoop/hbase/replication/regionserver/ReplicationSource.java","https://github.com/apache/hbase/tree//e1ad781//hbase-server/src/main/java/org/apache/hadoop/hbase/replication/regionserver/ReplicationSource.java#L512"
"hbase_e1ad781","org.apache.hadoop.hbase.replication.regionserver.ReplicationSource.initialize",551,564,"hbase-server/src/main/java/org/apache/hadoop/hbase/replication/regionserver/ReplicationSource.java","https://github.com/apache/hbase/tree//e1ad781//hbase-server/src/main/java/org/apache/hadoop/hbase/replication/regionserver/ReplicationSource.java#L551"
"hbase_e1ad781","org.apache.hadoop.hbase.replication.regionserver.ReplicationSource.uncaughtException",432,442,"hbase-server/src/main/java/org/apache/hadoop/hbase/replication/regionserver/ReplicationSource.java","https://github.com/apache/hbase/tree//e1ad781//hbase-server/src/main/java/org/apache/hadoop/hbase/replication/regionserver/ReplicationSource.java#L432"
"hbase_e1ad781","org.apache.hadoop.hbase.replication.regionserver.ReplicationSourceShipper.shipEdits",179,244,"hbase-server/src/main/java/org/apache/hadoop/hbase/replication/regionserver/ReplicationSourceShipper.java","https://github.com/apache/hbase/tree//e1ad781//hbase-server/src/main/java/org/apache/hadoop/hbase/replication/regionserver/ReplicationSourceShipper.java#L179"
"hbase_e1ad781","org.apache.hadoop.hbase.rsgroup.RSGroupInfoManagerImpl.moveRegionsBetweenGroups",1019,1061,"hbase-server/src/main/java/org/apache/hadoop/hbase/rsgroup/RSGroupInfoManagerImpl.java","https://github.com/apache/hbase/tree//e1ad781//hbase-server/src/main/java/org/apache/hadoop/hbase/rsgroup/RSGroupInfoManagerImpl.java#L1019"
"hbase_e1ad781","org.apache.hadoop.hbase.tool.BulkLoadHFilesTool.performBulkLoad",908,940,"hbase-server/src/main/java/org/apache/hadoop/hbase/tool/BulkLoadHFilesTool.java","https://github.com/apache/hbase/tree//e1ad781//hbase-server/src/main/java/org/apache/hadoop/hbase/tool/BulkLoadHFilesTool.java#L908"
"hbase_e1ad781","org.apache.hadoop.hbase.util.HBaseFsck.setMasterInMaintenanceMode",720,742,"hbase-server/src/main/java/org/apache/hadoop/hbase/util/HBaseFsck.java","https://github.com/apache/hbase/tree//e1ad781//hbase-server/src/main/java/org/apache/hadoop/hbase/util/HBaseFsck.java#L720"
"hbase_e1ad781","org.apache.hadoop.hbase.util.HBaseFsck.unlockHbck",481,499,"hbase-server/src/main/java/org/apache/hadoop/hbase/util/HBaseFsck.java","https://github.com/apache/hbase/tree//e1ad781//hbase-server/src/main/java/org/apache/hadoop/hbase/util/HBaseFsck.java#L481"
"hbase_e1ad781","org.apache.hadoop.hbase.util.FSTableDescriptors.writeTableDescriptor",622,637,"hbase-server/src/main/java/org/apache/hadoop/hbase/util/FSTableDescriptors.java","https://github.com/apache/hbase/tree//e1ad781//hbase-server/src/main/java/org/apache/hadoop/hbase/util/FSTableDescriptors.java#L622"
"hbase_e1ad781","org.apache.hadoop.hbase.util.HBaseFsck$FileLockCallable.createFileWithRetries",426,441,"hbase-server/src/main/java/org/apache/hadoop/hbase/util/HBaseFsck.java","https://github.com/apache/hbase/tree//e1ad781//hbase-server/src/main/java/org/apache/hadoop/hbase/util/HBaseFsck.java#L426"
"hbase_e1ad781","<anonymous class>.uncaughtException",608,621,"hbase-server/src/main/java/org/apache/hadoop/hbase/replication/regionserver/ReplicationSource.java","https://github.com/apache/hbase/tree//e1ad781//hbase-server/src/main/java/org/apache/hadoop/hbase/replication/regionserver/ReplicationSource.java#L608"
"hbase_e1ad781","org.apache.hadoop.hbase.zookeeper.RecoverableZooKeeper.createSequential",616,640,"hbase-zookeeper/src/main/java/org/apache/hadoop/hbase/zookeeper/RecoverableZooKeeper.java","https://github.com/apache/hbase/tree//e1ad781//hbase-zookeeper/src/main/java/org/apache/hadoop/hbase/zookeeper/RecoverableZooKeeper.java#L616"
"hbase_e1ad781","org.apache.hadoop.hbase.zookeeper.RecoverableZooKeeper.createNonSequential",574,608,"hbase-zookeeper/src/main/java/org/apache/hadoop/hbase/zookeeper/RecoverableZooKeeper.java","https://github.com/apache/hbase/tree//e1ad781//hbase-zookeeper/src/main/java/org/apache/hadoop/hbase/zookeeper/RecoverableZooKeeper.java#L574"
"hbase_e1ad781","org.apache.hadoop.hbase.zookeeper.RecoverableZooKeeper.getData",373,398,"hbase-zookeeper/src/main/java/org/apache/hadoop/hbase/zookeeper/RecoverableZooKeeper.java","https://github.com/apache/hbase/tree//e1ad781//hbase-zookeeper/src/main/java/org/apache/hadoop/hbase/zookeeper/RecoverableZooKeeper.java#L373"
"hbase_e1ad781","org.apache.hadoop.hbase.zookeeper.RecoverableZooKeeper.getChildren",320,345,"hbase-zookeeper/src/main/java/org/apache/hadoop/hbase/zookeeper/RecoverableZooKeeper.java","https://github.com/apache/hbase/tree//e1ad781//hbase-zookeeper/src/main/java/org/apache/hadoop/hbase/zookeeper/RecoverableZooKeeper.java#L320"
"hbase_e1ad781","org.apache.hadoop.hbase.zookeeper.RecoverableZooKeeper.exists",258,283,"hbase-zookeeper/src/main/java/org/apache/hadoop/hbase/zookeeper/RecoverableZooKeeper.java","https://github.com/apache/hbase/tree//e1ad781//hbase-zookeeper/src/main/java/org/apache/hadoop/hbase/zookeeper/RecoverableZooKeeper.java#L258"
"hbase_e1ad781","org.apache.hadoop.hbase.zookeeper.MetaTableLocator.blockUntilAvailable",269,278,"hbase-zookeeper/src/main/java/org/apache/hadoop/hbase/zookeeper/MetaTableLocator.java","https://github.com/apache/hbase/tree//e1ad781//hbase-zookeeper/src/main/java/org/apache/hadoop/hbase/zookeeper/MetaTableLocator.java#L269"
"hive_e427ce0","org.apache.hadoop.hive.kafka.RetryUtils.retry",90,105,"kafka-handler/src/java/org/apache/hadoop/hive/kafka/RetryUtils.java","https://github.com/apache/hive/tree//e427ce0//kafka-handler/src/java/org/apache/hadoop/hive/kafka/RetryUtils.java#L90"
"hive_e427ce0","org.apache.hadoop.hive.llap.AsyncPbRpcProxy$AsyncCallableRequest.call",442,463,"llap-common/src/java/org/apache/hadoop/hive/llap/AsyncPbRpcProxy.java","https://github.com/apache/hive/tree//e427ce0//llap-common/src/java/org/apache/hadoop/hive/llap/AsyncPbRpcProxy.java#L442"
"hive_e427ce0","org.apache.hadoop.hive.registry.impl.ZkRegistryBase.ensureInstancesCache",609,637,"llap-client/src/java/org/apache/hadoop/hive/registry/impl/ZkRegistryBase.java","https://github.com/apache/hive/tree//e427ce0//llap-client/src/java/org/apache/hadoop/hive/registry/impl/ZkRegistryBase.java#L609"
"hive_e427ce0","org.apache.hadoop.hive.metastore.ObjectStore$RetryingExecutor.run",11654,11682,"standalone-metastore/metastore-server/src/main/java/org/apache/hadoop/hive/metastore/ObjectStore.java","https://github.com/apache/hive/tree//e427ce0//standalone-metastore/metastore-server/src/main/java/org/apache/hadoop/hive/metastore/ObjectStore.java#L11654"
"hive_e427ce0","org.apache.hadoop.hive.metastore.RetryingHMSHandler.invokeInternal",138,226,"standalone-metastore/metastore-server/src/main/java/org/apache/hadoop/hive/metastore/RetryingHMSHandler.java","https://github.com/apache/hive/tree//e427ce0//standalone-metastore/metastore-server/src/main/java/org/apache/hadoop/hive/metastore/RetryingHMSHandler.java#L138"
"hive_e427ce0","org.apache.hadoop.hive.metastore.RetryingMetaStoreClient.invoke",178,263,"standalone-metastore/metastore-common/src/main/java/org/apache/hadoop/hive/metastore/RetryingMetaStoreClient.java","https://github.com/apache/hive/tree//e427ce0//standalone-metastore/metastore-common/src/main/java/org/apache/hadoop/hive/metastore/RetryingMetaStoreClient.java#L178"
"hive_e427ce0","org.apache.hadoop.hive.metastore.api.CompactionInfoStruct$CompactionInfoStructStandardScheme.read",1583,1730,"standalone-metastore/metastore-common/src/gen/thrift/gen-javabean/org/apache/hadoop/hive/metastore/api/CompactionInfoStruct.java","https://github.com/apache/hive/tree//e427ce0//standalone-metastore/metastore-common/src/gen/thrift/gen-javabean/org/apache/hadoop/hive/metastore/api/CompactionInfoStruct.java#L1583"
"hive_e427ce0","org.apache.hadoop.hive.metastore.txn.CompactionTxnHandler.findReadyToClean",414,427,"standalone-metastore/metastore-server/src/main/java/org/apache/hadoop/hive/metastore/txn/CompactionTxnHandler.java","https://github.com/apache/hive/tree//e427ce0//standalone-metastore/metastore-server/src/main/java/org/apache/hadoop/hive/metastore/txn/CompactionTxnHandler.java#L414"
"hive_e427ce0","org.apache.hadoop.hive.metastore.utils.RetryUtilities$ExponentiallyDecayingBatchWork.run",85,101,"standalone-metastore/metastore-server/src/main/java/org/apache/hadoop/hive/metastore/utils/RetryUtilities.java","https://github.com/apache/hive/tree//e427ce0//standalone-metastore/metastore-server/src/main/java/org/apache/hadoop/hive/metastore/utils/RetryUtilities.java#L85"
"hive_e427ce0","org.apache.hadoop.hive.ql.exec.Utilities.prepareWithRetry",3214,3232,"ql/src/java/org/apache/hadoop/hive/ql/exec/Utilities.java","https://github.com/apache/hive/tree//e427ce0//ql/src/java/org/apache/hadoop/hive/ql/exec/Utilities.java#L3214"
"hive_e427ce0","org.apache.hadoop.hive.ql.exec.Utilities.connectWithRetry",3173,3192,"ql/src/java/org/apache/hadoop/hive/ql/exec/Utilities.java","https://github.com/apache/hive/tree//e427ce0//ql/src/java/org/apache/hadoop/hive/ql/exec/Utilities.java#L3173"
"hive_e427ce0","org.apache.hadoop.hive.ql.exec.Utilities.executeWithRetry",3133,3152,"ql/src/java/org/apache/hadoop/hive/ql/exec/Utilities.java","https://github.com/apache/hive/tree//e427ce0//ql/src/java/org/apache/hadoop/hive/ql/exec/Utilities.java#L3133"
"hive_e427ce0","org.apache.hadoop.hive.ql.exec.repl.atlas.RetryingClientTimeBased.invokeWithRetry",49,69,"ql/src/java/org/apache/hadoop/hive/ql/exec/repl/atlas/RetryingClientTimeBased.java","https://github.com/apache/hive/tree//e427ce0//ql/src/java/org/apache/hadoop/hive/ql/exec/repl/atlas/RetryingClientTimeBased.java#L49"
"hive_e427ce0","org.apache.hadoop.hive.ql.exec.util.Retryable.executeCallable",71,97,"ql/src/java/org/apache/hadoop/hive/ql/exec/util/Retryable.java","https://github.com/apache/hive/tree//e427ce0//ql/src/java/org/apache/hadoop/hive/ql/exec/util/Retryable.java#L71"
"hive_e427ce0","org.apache.hadoop.hive.ql.exec.tez.monitoring.TezJobMonitor.monitorExecution",166,307,"ql/src/java/org/apache/hadoop/hive/ql/exec/tez/monitoring/TezJobMonitor.java","https://github.com/apache/hive/tree//e427ce0//ql/src/java/org/apache/hadoop/hive/ql/exec/tez/monitoring/TezJobMonitor.java#L166"
"hive_e427ce0","org.apache.hadoop.hive.ql.lockmgr.DbLockManager.lock",114,119,"ql/src/java/org/apache/hadoop/hive/ql/lockmgr/DbLockManager.java","https://github.com/apache/hive/tree//e427ce0//ql/src/java/org/apache/hadoop/hive/ql/lockmgr/DbLockManager.java#L114"
"hive_e427ce0","org.apache.hadoop.hive.ql.lockmgr.EmbeddedLockManager.unlock",200,207,"ql/src/java/org/apache/hadoop/hive/ql/lockmgr/EmbeddedLockManager.java","https://github.com/apache/hive/tree//e427ce0//ql/src/java/org/apache/hadoop/hive/ql/lockmgr/EmbeddedLockManager.java#L200"
"hive_e427ce0","org.apache.hadoop.hive.ql.lockmgr.EmbeddedLockManager.lock",113,121,"ql/src/java/org/apache/hadoop/hive/ql/lockmgr/EmbeddedLockManager.java","https://github.com/apache/hive/tree//e427ce0//ql/src/java/org/apache/hadoop/hive/ql/lockmgr/EmbeddedLockManager.java#L113"
"hive_e427ce0","org.apache.hadoop.hive.ql.lockmgr.EmbeddedLockManager.lock",143,151,"ql/src/java/org/apache/hadoop/hive/ql/lockmgr/EmbeddedLockManager.java","https://github.com/apache/hive/tree//e427ce0//ql/src/java/org/apache/hadoop/hive/ql/lockmgr/EmbeddedLockManager.java#L143"
"hive_e427ce0","org.apache.hive.common.util.RetryUtilities$ExponentiallyDecayingBatchWork.run",87,103,"common/src/java/org/apache/hive/common/util/RetryUtilities.java","https://github.com/apache/hive/tree//e427ce0//common/src/java/org/apache/hive/common/util/RetryUtilities.java#L87"
"hive_e427ce0","org.apache.hive.jdbc.HiveConnection.HiveConnection",379,430,"jdbc/src/java/org/apache/hive/jdbc/HiveConnection.java","https://github.com/apache/hive/tree//e427ce0//jdbc/src/java/org/apache/hive/jdbc/HiveConnection.java#L379"
"hive_e427ce0","org.apache.hive.jdbc.HiveConnection.HiveConnection",403,405,"jdbc/src/java/org/apache/hive/jdbc/HiveConnection.java","https://github.com/apache/hive/tree//e427ce0//jdbc/src/java/org/apache/hive/jdbc/HiveConnection.java#L403"
"hive_e427ce0","org.apache.hive.service.cli.thrift.RetryingThriftCLIServiceClient.invoke",382,400,"service/src/java/org/apache/hive/service/cli/thrift/RetryingThriftCLIServiceClient.java","https://github.com/apache/hive/tree//e427ce0//service/src/java/org/apache/hive/service/cli/thrift/RetryingThriftCLIServiceClient.java#L382"
"hive_e427ce0","org.apache.hive.service.cli.thrift.RetryingThriftCLIServiceClient.connectWithRetry",290,302,"service/src/java/org/apache/hive/service/cli/thrift/RetryingThriftCLIServiceClient.java","https://github.com/apache/hive/tree//e427ce0//service/src/java/org/apache/hive/service/cli/thrift/RetryingThriftCLIServiceClient.java#L290"
"hive_e427ce0","org.apache.hadoop.hive.druid.DruidStorageHandler.checkLoadStatus",590,612,"druid-handler/src/java/org/apache/hadoop/hive/druid/DruidStorageHandler.java","https://github.com/apache/hive/tree//e427ce0//druid-handler/src/java/org/apache/hadoop/hive/druid/DruidStorageHandler.java#L590"
"hive_e427ce0","org.apache.hadoop.hive.druid.DruidStorageHandlerUtils.publishSegmentWithShardSpec",765,788,"druid-handler/src/java/org/apache/hadoop/hive/druid/DruidStorageHandlerUtils.java","https://github.com/apache/hive/tree//e427ce0//druid-handler/src/java/org/apache/hadoop/hive/druid/DruidStorageHandlerUtils.java#L765"
"hive_e427ce0","org.apache.hadoop.hive.ql.Driver.validateTxnList",247,299,"ql/src/java/org/apache/hadoop/hive/ql/Driver.java","https://github.com/apache/hive/tree//e427ce0//ql/src/java/org/apache/hadoop/hive/ql/Driver.java#L247"
"hive_e427ce0","org.apache.hive.hcatalog.templeton.LauncherDelegator.killTempletonJobWithRetry",234,250,"hcatalog/webhcat/svr/src/main/java/org/apache/hive/hcatalog/templeton/LauncherDelegator.java","https://github.com/apache/hive/tree//e427ce0//hcatalog/webhcat/svr/src/main/java/org/apache/hive/hcatalog/templeton/LauncherDelegator.java#L234"
"hive_e427ce0","org.apache.hive.jdbc.HiveConnection.openSession",1167,1187,"jdbc/src/java/org/apache/hive/jdbc/HiveConnection.java","https://github.com/apache/hive/tree//e427ce0//jdbc/src/java/org/apache/hive/jdbc/HiveConnection.java#L1167"
"hive_e427ce0","org.apache.hive.jdbc.ZooKeeperHiveClientHelper.configureConnParamsHA",227,252,"jdbc/src/java/org/apache/hive/jdbc/ZooKeeperHiveClientHelper.java","https://github.com/apache/hive/tree//e427ce0//jdbc/src/java/org/apache/hive/jdbc/ZooKeeperHiveClientHelper.java#L227"
"hive_e427ce0","org.apache.hadoop.hive.ql.hooks.HiveProtoLoggingHook$EventLogger.writeEvent",315,352,"ql/src/java/org/apache/hadoop/hive/ql/hooks/HiveProtoLoggingHook.java","https://github.com/apache/hive/tree//e427ce0//ql/src/java/org/apache/hadoop/hive/ql/hooks/HiveProtoLoggingHook.java#L315"
"hive_e427ce0","org.apache.hadoop.hive.ql.lockmgr.zookeeper.ZooKeeperHiveLockManager.unlockWithRetry",487,502,"ql/src/java/org/apache/hadoop/hive/ql/lockmgr/zookeeper/ZooKeeperHiveLockManager.java","https://github.com/apache/hive/tree//e427ce0//ql/src/java/org/apache/hadoop/hive/ql/lockmgr/zookeeper/ZooKeeperHiveLockManager.java#L487"
"hive_e427ce0","org.apache.hadoop.hive.ql.lockmgr.zookeeper.ZooKeeperHiveLockManager.lock",298,329,"ql/src/java/org/apache/hadoop/hive/ql/lockmgr/zookeeper/ZooKeeperHiveLockManager.java","https://github.com/apache/hive/tree//e427ce0//ql/src/java/org/apache/hadoop/hive/ql/lockmgr/zookeeper/ZooKeeperHiveLockManager.java#L298"
"hive_e427ce0","org.apache.hadoop.hive.ql.parse.repl.CopyUtils.doCopyRetry",232,278,"ql/src/java/org/apache/hadoop/hive/ql/parse/repl/CopyUtils.java","https://github.com/apache/hive/tree//e427ce0//ql/src/java/org/apache/hadoop/hive/ql/parse/repl/CopyUtils.java#L232"
"hive_e427ce0","org.apache.hadoop.hive.metastore.HiveMetaStoreClient.open",753,840,"standalone-metastore/metastore-common/src/main/java/org/apache/hadoop/hive/metastore/HiveMetaStoreClient.java","https://github.com/apache/hive/tree//e427ce0//standalone-metastore/metastore-common/src/main/java/org/apache/hadoop/hive/metastore/HiveMetaStoreClient.java#L753"
"hive_e427ce0","org.apache.hive.service.server.HiveServer2.startHiveServer2",1089,1140,"service/src/java/org/apache/hive/service/server/HiveServer2.java","https://github.com/apache/hive/tree//e427ce0//service/src/java/org/apache/hive/service/server/HiveServer2.java#L1089"
"hive_e427ce0","org.apache.hadoop.hive.metastore.ObjectStore.generateConstraintName",5511,5517,"standalone-metastore/metastore-server/src/main/java/org/apache/hadoop/hive/metastore/ObjectStore.java","https://github.com/apache/hive/tree//e427ce0//standalone-metastore/metastore-server/src/main/java/org/apache/hadoop/hive/metastore/ObjectStore.java#L5511"
"hive_e427ce0","org.apache.hadoop.hive.metastore.PersistenceManagerProvider.retry",581,608,"standalone-metastore/metastore-server/src/main/java/org/apache/hadoop/hive/metastore/PersistenceManagerProvider.java","https://github.com/apache/hive/tree//e427ce0//standalone-metastore/metastore-server/src/main/java/org/apache/hadoop/hive/metastore/PersistenceManagerProvider.java#L581"
"hive_e427ce0","org.apache.hadoop.hive.metastore.grpc.HiveMetastore$CompactionInfoStruct.CompactionInfoStruct",323587,323690,"standalone-metastore/metastore-common/target/generated-sources/org/apache/hadoop/hive/metastore/grpc/HiveMetastore.java","https://github.com/apache/hive/tree//e427ce0//standalone-metastore/metastore-common/target/generated-sources/org/apache/hadoop/hive/metastore/grpc/HiveMetastore.java#L323587"
"hive_e427ce0","org.apache.hadoop.hive.metastore.utils.MetaStoreServerUtils.loopUntilHMSReady",847,860,"standalone-metastore/metastore-server/src/main/java/org/apache/hadoop/hive/metastore/utils/MetaStoreServerUtils.java","https://github.com/apache/hive/tree//e427ce0//standalone-metastore/metastore-server/src/main/java/org/apache/hadoop/hive/metastore/utils/MetaStoreServerUtils.java#L847"
"cassandra_f0ad7ea","org.apache.cassandra.auth.AuthCache.warm",415,427,"src/java/org/apache/cassandra/auth/AuthCache.java","https://github.com/apache/cassandra/tree//f0ad7ea//src/java/org/apache/cassandra/auth/AuthCache.java#L415"
"cassandra_f0ad7ea","org.apache.cassandra.db.compaction.Scrubber.scrub",196,298,"src/java/org/apache/cassandra/db/compaction/Scrubber.java","https://github.com/apache/cassandra/tree//f0ad7ea//src/java/org/apache/cassandra/db/compaction/Scrubber.java#L196"
"cassandra_f0ad7ea","org.apache.cassandra.db.repair.PendingAntiCompaction$AcquisitionCallable.call",233,259,"src/java/org/apache/cassandra/db/repair/PendingAntiCompaction.java","https://github.com/apache/cassandra/tree//f0ad7ea//src/java/org/apache/cassandra/db/repair/PendingAntiCompaction.java#L233"
"cassandra_f0ad7ea","org.apache.cassandra.hadoop.cql3.CqlRecordWriter$RangeClient.run",298,378,"src/java/org/apache/cassandra/hadoop/cql3/CqlRecordWriter.java","https://github.com/apache/cassandra/tree//f0ad7ea//src/java/org/apache/cassandra/hadoop/cql3/CqlRecordWriter.java#L298"
"cassandra_f0ad7ea","org.apache.cassandra.hadoop.cql3.CqlRecordWriter$RangeClient.run",312,377,"src/java/org/apache/cassandra/hadoop/cql3/CqlRecordWriter.java","https://github.com/apache/cassandra/tree//f0ad7ea//src/java/org/apache/cassandra/hadoop/cql3/CqlRecordWriter.java#L312"
"cassandra_f0ad7ea","org.apache.cassandra.service.StorageService.repairPaxosForTopologyChange",4587,4605,"src/java/org/apache/cassandra/service/StorageService.java","https://github.com/apache/cassandra/tree//f0ad7ea//src/java/org/apache/cassandra/service/StorageService.java#L4587"
"cassandra_f0ad7ea","org.apache.cassandra.service.paxos.Paxos.begin",953,1065,"src/java/org/apache/cassandra/service/paxos/Paxos.java","https://github.com/apache/cassandra/tree//f0ad7ea//src/java/org/apache/cassandra/service/paxos/Paxos.java#L953"
"cassandra_f0ad7ea","org.apache.cassandra.service.paxos.Paxos.cas",651,768,"src/java/org/apache/cassandra/service/paxos/Paxos.java","https://github.com/apache/cassandra/tree//f0ad7ea//src/java/org/apache/cassandra/service/paxos/Paxos.java#L651"
"cassandra_f0ad7ea","<anonymous class>.run",86,113,"src/java/org/apache/cassandra/utils/binlog/ExternalArchiver.java","https://github.com/apache/cassandra/tree//f0ad7ea//src/java/org/apache/cassandra/utils/binlog/ExternalArchiver.java#L86"
"elasticsearch_7556157","org.elasticsearch.action.bulk.BulkRequestParser.parse",117,284,"server/src/main/java/org/elasticsearch/action/bulk/BulkRequestParser.java","https://github.com/elastic/elasticsearch/tree//7556157//server/src/main/java/org/elasticsearch/action/bulk/BulkRequestParser.java#L117"
"elasticsearch_7556157","org.elasticsearch.action.bulk.BulkRequestParser.parse",166,217,"server/src/main/java/org/elasticsearch/action/bulk/BulkRequestParser.java","https://github.com/elastic/elasticsearch/tree//7556157//server/src/main/java/org/elasticsearch/action/bulk/BulkRequestParser.java#L166"
"elasticsearch_7556157","org.elasticsearch.index.reindex.BulkByScrollTask$Status.innerFromXContent",614,673,"server/src/main/java/org/elasticsearch/index/reindex/BulkByScrollTask.java","https://github.com/elastic/elasticsearch/tree//7556157//server/src/main/java/org/elasticsearch/index/reindex/BulkByScrollTask.java#L614"
"elasticsearch_7556157","org.elasticsearch.indices.IndicesService.processPendingDeletes",1205,1246,"server/src/main/java/org/elasticsearch/indices/IndicesService.java","https://github.com/elastic/elasticsearch/tree//7556157//server/src/main/java/org/elasticsearch/indices/IndicesService.java#L1205"
"elasticsearch_7556157","org.elasticsearch.xpack.watcher.notification.email.attachment.ReportingAttachmentParser.toAttachment",179,221,"x-pack/plugin/watcher/src/main/java/org/elasticsearch/xpack/watcher/notification/email/attachment/ReportingAttachmentParser.java","https://github.com/elastic/elasticsearch/tree//7556157//x-pack/plugin/watcher/src/main/java/org/elasticsearch/xpack/watcher/notification/email/attachment/ReportingAttachmentParser.java#L179"
"elasticsearch_7556157","org.elasticsearch.repositories.gcs.GoogleCloudStorageBlobStore.writeBlobResumable",257,303,"plugins/repository-gcs/src/main/java/org/elasticsearch/repositories/gcs/GoogleCloudStorageBlobStore.java","https://github.com/elastic/elasticsearch/tree//7556157//plugins/repository-gcs/src/main/java/org/elasticsearch/repositories/gcs/GoogleCloudStorageBlobStore.java#L257"
